election_id,list_number,list_name,council_candidate_number,candidate_name,source_doc_id
comunali_lamezia_2025,1,PARTITO DEMOCRATICO,1,ARICHETTA VALENTINA,maggioli_2025_preferences_section_l01_xml
comunali_lamezia_2025,1,PARTITO DEMOCRATICO,2,CARITO FRANCESCO,maggioli_2025_preferences_section_l01_xml
comunali_lamezia_2025,1,PARTITO DEMOCRATICO,3,CHIRICO DEBORAH,maggioli_2025_preferences_section_l01_xml
comunali_lamezia_2025,1,PARTITO DEMOCRATICO,4,CORRADO LUANA,maggioli_2025_preferences_section_l01_xml
comunali_lamezia_2025,1,PARTITO DEMOCRATICO,5,DAVOLI GIOVANNI,maggioli_2025_preferences_section_l01_xml
comunali_lamezia_2025,1,PARTITO DEMOCRATICO,6,FEROLETO MARIAFRANCESCA,maggioli_2025_preferences_section_l01_xml
comunali_lamezia_2025,1,PARTITO DEMOCRATICO,7,FERRARI SAVERIO,maggioli_2025_preferences_section_l01_xml
comunali_lamezia_2025,1,PARTITO DEMOCRATICO,8,GALLO GIOVANNI,maggioli_2025_preferences_section_l01_xml
comunali_lamezia_2025,1,PARTITO DEMOCRATICO,9,GIGLIOTTI GIUSEPPE detto GIOSY,maggioli_2025_preferences_section_l01_xml
comunali_lamezia_2025,1,PARTITO DEMOCRATICO,10,GIGLIOTTI LAURA,maggioli_2025_preferences_section_l01_xml
comunali_lamezia_2025,1,PARTITO DEMOCRATICO,11,GRANDINETTI DANIELA IMMACOLATA,maggioli_2025_preferences_section_l01_xml
comunali_lamezia_2025,1,PARTITO DEMOCRATICO,12,LIMARDI ROSAMARIA,maggioli_2025_preferences_section_l01_xml
comunali_lamezia_2025,1,PARTITO DEMOCRATICO,13,LIOTTA CARMELA MILENA,maggioli_2025_preferences_section_l01_xml
comunali_lamezia_2025,1,PARTITO DEMOCRATICO,14,MASI GENNARINO,maggioli_2025_preferences_section_l01_xml
comunali_lamezia_2025,1,PARTITO DEMOCRATICO,15,MASTROIANNI CHIARA,maggioli_2025_preferences_section_l01_xml
comunali_lamezia_2025,1,PARTITO DEMOCRATICO,16,MISCIMARRA SANTA PATRIZIA,maggioli_2025_preferences_section_l01_xml
comunali_lamezia_2025,1,PARTITO DEMOCRATICO,17,MURACA FABRIZIO,maggioli_2025_preferences_section_l01_xml
comunali_lamezia_2025,1,PARTITO DEMOCRATICO,18,PANDOLFO ANTONIO,maggioli_2025_preferences_section_l01_xml
comunali_lamezia_2025,1,PARTITO DEMOCRATICO,19,PERRI CESARE,maggioli_2025_preferences_section_l01_xml
comunali_lamezia_2025,1,PARTITO DEMOCRATICO,20,PICCIONI ROSARIO,maggioli_2025_preferences_section_l01_xml
comunali_lamezia_2025,1,PARTITO DEMOCRATICO,21,PINO ALESSANDRO TIZIANO,maggioli_2025_preferences_section_l01_xml
comunali_lamezia_2025,1,PARTITO DEMOCRATICO,22,SIRIANNI ANTONIO,maggioli_2025_preferences_section_l01_xml
comunali_lamezia_2025,1,PARTITO DEMOCRATICO,23,TAVERNA DOMENICO,maggioli_2025_preferences_section_l01_xml
comunali_lamezia_2025,1,PARTITO DEMOCRATICO,24,VESCIO LIDIA,maggioli_2025_preferences_section_l01_xml
comunali_lamezia_2025,2,MOVIMENTO 5 STELLE,1,ADAMO GIOVANNA,maggioli_2025_preferences_section_l02_xml
comunali_lamezia_2025,2,MOVIMENTO 5 STELLE,2,APA FRANCESCO,maggioli_2025_preferences_section_l02_xml
comunali_lamezia_2025,2,MOVIMENTO 5 STELLE,3,ARENA NICOLA,maggioli_2025_preferences_section_l02_xml
comunali_lamezia_2025,2,MOVIMENTO 5 STELLE,4,BEVACQUA VINCENZO,maggioli_2025_preferences_section_l02_xml
comunali_lamezia_2025,2,MOVIMENTO 5 STELLE,5,CAPUTO CATERINA,maggioli_2025_preferences_section_l02_xml
comunali_lamezia_2025,2,MOVIMENTO 5 STELLE,6,CORTESE MARIA detta MARIA VITTORIA,maggioli_2025_preferences_section_l02_xml
comunali_lamezia_2025,2,MOVIMENTO 5 STELLE,7,DAVOLI MARA ANNA CARLA,maggioli_2025_preferences_section_l02_xml
comunali_lamezia_2025,2,MOVIMENTO 5 STELLE,8,DE LUCA PASQUALE,maggioli_2025_preferences_section_l02_xml
comunali_lamezia_2025,2,MOVIMENTO 5 STELLE,9,DE SENSI PAOLO,maggioli_2025_preferences_section_l02_xml
comunali_lamezia_2025,2,MOVIMENTO 5 STELLE,10,DONATO GIOVANNI,maggioli_2025_preferences_section_l02_xml
comunali_lamezia_2025,2,MOVIMENTO 5 STELLE,11,FRAGALE HYRYA,maggioli_2025_preferences_section_l02_xml
comunali_lamezia_2025,2,MOVIMENTO 5 STELLE,12,GRANDINETTI ALESSIA,maggioli_2025_preferences_section_l02_xml
comunali_lamezia_2025,2,MOVIMENTO 5 STELLE,13,IANNAZZO DANIELA FRANCESCA,maggioli_2025_preferences_section_l02_xml
comunali_lamezia_2025,2,MOVIMENTO 5 STELLE,14,LAMPASI DANILO,maggioli_2025_preferences_section_l02_xml
comunali_lamezia_2025,2,MOVIMENTO 5 STELLE,15,MARINELLI ANTONIO,maggioli_2025_preferences_section_l02_xml
comunali_lamezia_2025,2,MOVIMENTO 5 STELLE,16,MARTELLO ROBERTO,maggioli_2025_preferences_section_l02_xml
comunali_lamezia_2025,2,MOVIMENTO 5 STELLE,17,NOCITI GIOVANNI,maggioli_2025_preferences_section_l02_xml
comunali_lamezia_2025,2,MOVIMENTO 5 STELLE,18,PERRI ANTONIO,maggioli_2025_preferences_section_l02_xml
comunali_lamezia_2025,2,MOVIMENTO 5 STELLE,19,RONDINELLI ANNA MARIA,maggioli_2025_preferences_section_l02_xml
comunali_lamezia_2025,2,MOVIMENTO 5 STELLE,20,SATURNO MARIAGIOVANNA,maggioli_2025_preferences_section_l02_xml
comunali_lamezia_2025,2,MOVIMENTO 5 STELLE,21,SINOPOLI ANDREA,maggioli_2025_preferences_section_l02_xml
comunali_lamezia_2025,2,MOVIMENTO 5 STELLE,22,TROPEA RICCARDO,maggioli_2025_preferences_section_l02_xml
comunali_lamezia_2025,2,MOVIMENTO 5 STELLE,23,VITALE GIOVANNI,maggioli_2025_preferences_section_l02_xml
comunali_lamezia_2025,2,MOVIMENTO 5 STELLE,24,VONELLA GIULIO LUCIANO,maggioli_2025_preferences_section_l02_xml
comunali_lamezia_2025,3,AZIONE,1,VITALE ANNITA,maggioli_2025_preferences_section_l03_xml
comunali_lamezia_2025,3,AZIONE,2,ALBI MICHELE,maggioli_2025_preferences_section_l03_xml
comunali_lamezia_2025,3,AZIONE,3,ARCIERI DARIO,maggioli_2025_preferences_section_l03_xml
comunali_lamezia_2025,3,AZIONE,4,BARBERIO TONINO,maggioli_2025_preferences_section_l03_xml
comunali_lamezia_2025,3,AZIONE,5,CEESAY BAKARY,maggioli_2025_preferences_section_l03_xml
comunali_lamezia_2025,3,AZIONE,6,CERRA PASQUALE,maggioli_2025_preferences_section_l03_xml
comunali_lamezia_2025,3,AZIONE,7,CUGLIANDRO CATERINA,maggioli_2025_preferences_section_l03_xml
comunali_lamezia_2025,3,AZIONE,8,FALVO MARIA STELLA detta STELLA FALVO,maggioli_2025_preferences_section_l03_xml
comunali_lamezia_2025,3,AZIONE,9,FEDERICO ANTONIO,maggioli_2025_preferences_section_l03_xml
comunali_lamezia_2025,3,AZIONE,10,FRAGIACOMO FRANCESCO,maggioli_2025_preferences_section_l03_xml
comunali_lamezia_2025,3,AZIONE,11,GIGLIOTTI ANTONIO,maggioli_2025_preferences_section_l03_xml
comunali_lamezia_2025,3,AZIONE,12,GUALTIERI GABRIELE,maggioli_2025_preferences_section_l03_xml
comunali_lamezia_2025,3,AZIONE,13,MARUCA VALENTINA,maggioli_2025_preferences_section_l03_xml
comunali_lamezia_2025,3,AZIONE,14,MATARAZZO CRISTIANO,maggioli_2025_preferences_section_l03_xml
comunali_lamezia_2025,3,AZIONE,15,MAZZEI PASQUALE,maggioli_2025_preferences_section_l03_xml
comunali_lamezia_2025,3,AZIONE,16,PAONE DANIELA,maggioli_2025_preferences_section_l03_xml
comunali_lamezia_2025,3,AZIONE,17,PETTINATO GIOVANNA,maggioli_2025_preferences_section_l03_xml
comunali_lamezia_2025,3,AZIONE,18,PLATANIA FERDINANDO,maggioli_2025_preferences_section_l03_xml
comunali_lamezia_2025,3,AZIONE,19,RAMETTA VINCENZO PIO,maggioli_2025_preferences_section_l03_xml
comunali_lamezia_2025,3,AZIONE,20,SACCO FERDINANDO GIOVANNI detto MARESCIALLO SACCO,maggioli_2025_preferences_section_l03_xml
comunali_lamezia_2025,3,AZIONE,21,SERRAO MASSIMILIANO,maggioli_2025_preferences_section_l03_xml
comunali_lamezia_2025,3,AZIONE,22,STELLA CONCETTA VALENTINA detta VALENTINA STELLA,maggioli_2025_preferences_section_l03_xml
comunali_lamezia_2025,3,AZIONE,23,VESCI CATERINA,maggioli_2025_preferences_section_l03_xml
comunali_lamezia_2025,3,AZIONE,24,FURFARO STEFANIA,maggioli_2025_preferences_section_l03_xml
comunali_lamezia_2025,4,PER VIVERE BENE,1,AMMENDOLA CLAUDIA,maggioli_2025_preferences_section_l04_xml
comunali_lamezia_2025,4,PER VIVERE BENE,2,AMMENDOLA VINCENZO,maggioli_2025_preferences_section_l04_xml
comunali_lamezia_2025,4,PER VIVERE BENE,3,BARTUCCIO MARTINA,maggioli_2025_preferences_section_l04_xml
comunali_lamezia_2025,4,PER VIVERE BENE,4,CARERE CARLO,maggioli_2025_preferences_section_l04_xml
comunali_lamezia_2025,4,PER VIVERE BENE,5,CAVALIERE CLAUDIO,maggioli_2025_preferences_section_l04_xml
comunali_lamezia_2025,4,PER VIVERE BENE,6,CERRA ANTONIO,maggioli_2025_preferences_section_l04_xml
comunali_lamezia_2025,4,PER VIVERE BENE,7,CITTADINO DEBORA,maggioli_2025_preferences_section_l04_xml
comunali_lamezia_2025,4,PER VIVERE BENE,8,COZZITORTO TOMMASO,maggioli_2025_preferences_section_l04_xml
comunali_lamezia_2025,4,PER VIVERE BENE,9,CRISTIANO VINCENZO,maggioli_2025_preferences_section_l04_xml
comunali_lamezia_2025,4,PER VIVERE BENE,10,D'AGOSTINO RITA,maggioli_2025_preferences_section_l04_xml
comunali_lamezia_2025,4,PER VIVERE BENE,11,DASTOLI PIERA,maggioli_2025_preferences_section_l04_xml
comunali_lamezia_2025,4,PER VIVERE BENE,12,DE BIASE FRANCESCO,maggioli_2025_preferences_section_l04_xml
comunali_lamezia_2025,4,PER VIVERE BENE,13,GAETANO ALESSIA,maggioli_2025_preferences_section_l04_xml
comunali_lamezia_2025,4,PER VIVERE BENE,14,LUCCHINO ANNAMARIA,maggioli_2025_preferences_section_l04_xml
comunali_lamezia_2025,4,PER VIVERE BENE,15,MANCINI CLAUDIA,maggioli_2025_preferences_section_l04_xml
comunali_lamezia_2025,4,PER VIVERE BENE,16,MAZZA SERENA PAOLA,maggioli_2025_preferences_section_l04_xml
comunali_lamezia_2025,4,PER VIVERE BENE,17,MAZZEI ALFONSO,maggioli_2025_preferences_section_l04_xml
comunali_lamezia_2025,4,PER VIVERE BENE,18,PALAZZO VINCENZO,maggioli_2025_preferences_section_l04_xml
comunali_lamezia_2025,4,PER VIVERE BENE,19,PANEDIGRANO CARMELA,maggioli_2025_preferences_section_l04_xml
comunali_lamezia_2025,4,PER VIVERE BENE,20,SCARAMUZZINO MARIANNINA,maggioli_2025_preferences_section_l04_xml
comunali_lamezia_2025,4,PER VIVERE BENE,21,SERRATORE BERNADETTE,maggioli_2025_preferences_section_l04_xml
comunali_lamezia_2025,4,PER VIVERE BENE,22,SPRAUER CALINA IRENE,maggioli_2025_preferences_section_l04_xml
comunali_lamezia_2025,4,PER VIVERE BENE,23,VISCIGLIA VINCENZO,maggioli_2025_preferences_section_l04_xml
comunali_lamezia_2025,4,PER VIVERE BENE,24,ZAFFINA RENATO,maggioli_2025_preferences_section_l04_xml
comunali_lamezia_2025,5,ERA ORA,1,ARCIERI FRANCESCA,maggioli_2025_preferences_section_l05_xml
comunali_lamezia_2025,5,ERA ORA,2,AMMENDOLA DOMENICO,maggioli_2025_preferences_section_l05_xml
comunali_lamezia_2025,5,ERA ORA,3,BEVACQUA FELICIA,maggioli_2025_preferences_section_l05_xml
comunali_lamezia_2025,5,ERA ORA,4,CERMINARA LUANA MARIA,maggioli_2025_preferences_section_l05_xml
comunali_lamezia_2025,5,ERA ORA,5,FAZIO ELEONORA,maggioli_2025_preferences_section_l05_xml
comunali_lamezia_2025,5,ERA ORA,6,FAZIO FELICE,maggioli_2025_preferences_section_l05_xml
comunali_lamezia_2025,5,ERA ORA,7,IULIANO SANDRA,maggioli_2025_preferences_section_l05_xml
comunali_lamezia_2025,5,ERA ORA,8,ISABELLA VITTORIO,maggioli_2025_preferences_section_l05_xml
comunali_lamezia_2025,5,ERA ORA,9,MASCARO SILIANA,maggioli_2025_preferences_section_l05_xml
comunali_lamezia_2025,5,ERA ORA,10,MERCURI RAFFAELLA,maggioli_2025_preferences_section_l05_xml
comunali_lamezia_2025,5,ERA ORA,11,NICOTERA ANTONIO,maggioli_2025_preferences_section_l05_xml
comunali_lamezia_2025,5,ERA ORA,12,CIMINO LUISA,maggioli_2025_preferences_section_l05_xml
comunali_lamezia_2025,5,ERA ORA,13,IANNAZZO NADIA,maggioli_2025_preferences_section_l05_xml
comunali_lamezia_2025,5,ERA ORA,14,NOTARIS RAFFAELE,maggioli_2025_preferences_section_l05_xml
comunali_lamezia_2025,5,ERA ORA,15,VESCIO GIOVANNINO,maggioli_2025_preferences_section_l05_xml
comunali_lamezia_2025,5,ERA ORA,16,MASTROIANNI PIO COSTANTINO,maggioli_2025_preferences_section_l05_xml
comunali_lamezia_2025,5,ERA ORA,17,DE SERIO ARMANDO,maggioli_2025_preferences_section_l05_xml
comunali_lamezia_2025,5,ERA ORA,18,CITTADINO LUCIA ALESSANDRA,maggioli_2025_preferences_section_l05_xml
comunali_lamezia_2025,5,ERA ORA,19,GRANDINETTI ANTONIO,maggioli_2025_preferences_section_l05_xml
comunali_lamezia_2025,5,ERA ORA,20,STRANIERI ENNIO,maggioli_2025_preferences_section_l05_xml
comunali_lamezia_2025,5,ERA ORA,21,TARZIA ROBERTO,maggioli_2025_preferences_section_l05_xml
comunali_lamezia_2025,5,ERA ORA,22,MASCARO MAURIZIO,maggioli_2025_preferences_section_l05_xml
comunali_lamezia_2025,5,ERA ORA,23,NICOTERA GIUSEPPE TOMMASO,maggioli_2025_preferences_section_l05_xml
comunali_lamezia_2025,5,ERA ORA,24,MOHAMMED MOHI UDDIN,maggioli_2025_preferences_section_l05_xml
comunali_lamezia_2025,6,GIANPAOLO BEVILACQUA SINDACO DEL POPOLO,1,ALOISIO OTTAVIO,maggioli_2025_preferences_section_l06_xml
comunali_lamezia_2025,6,GIANPAOLO BEVILACQUA SINDACO DEL POPOLO,2,BALSAMO GIROLAMO,maggioli_2025_preferences_section_l06_xml
comunali_lamezia_2025,6,GIANPAOLO BEVILACQUA SINDACO DEL POPOLO,3,BRANCA OSCAR,maggioli_2025_preferences_section_l06_xml
comunali_lamezia_2025,6,GIANPAOLO BEVILACQUA SINDACO DEL POPOLO,4,CAVALIERE ANTONIO,maggioli_2025_preferences_section_l06_xml
comunali_lamezia_2025,6,GIANPAOLO BEVILACQUA SINDACO DEL POPOLO,5,COSTANZO GIUSEPPE,maggioli_2025_preferences_section_l06_xml
comunali_lamezia_2025,6,GIANPAOLO BEVILACQUA SINDACO DEL POPOLO,6,DE PONTO ANTONIO,maggioli_2025_preferences_section_l06_xml
comunali_lamezia_2025,6,GIANPAOLO BEVILACQUA SINDACO DEL POPOLO,7,DEL GAISO SALVATORE detto GINO,maggioli_2025_preferences_section_l06_xml
comunali_lamezia_2025,6,GIANPAOLO BEVILACQUA SINDACO DEL POPOLO,8,ESPOSITO GIANPIERO,maggioli_2025_preferences_section_l06_xml
comunali_lamezia_2025,6,GIANPAOLO BEVILACQUA SINDACO DEL POPOLO,9,FALVO MICHELE,maggioli_2025_preferences_section_l06_xml
comunali_lamezia_2025,6,GIANPAOLO BEVILACQUA SINDACO DEL POPOLO,10,FAZIO MONICA,maggioli_2025_preferences_section_l06_xml
comunali_lamezia_2025,6,GIANPAOLO BEVILACQUA SINDACO DEL POPOLO,11,MAMMOLITI GIULIO VINCENZO,maggioli_2025_preferences_section_l06_xml
comunali_lamezia_2025,6,GIANPAOLO BEVILACQUA SINDACO DEL POPOLO,12,MANFREDI GIUSEPPE,maggioli_2025_preferences_section_l06_xml
comunali_lamezia_2025,6,GIANPAOLO BEVILACQUA SINDACO DEL POPOLO,13,MARINARO MARIA,maggioli_2025_preferences_section_l06_xml
comunali_lamezia_2025,6,GIANPAOLO BEVILACQUA SINDACO DEL POPOLO,14,MASCARO SIMONA,maggioli_2025_preferences_section_l06_xml
comunali_lamezia_2025,6,GIANPAOLO BEVILACQUA SINDACO DEL POPOLO,15,MERCURI LUCIANO,maggioli_2025_preferences_section_l06_xml
comunali_lamezia_2025,6,GIANPAOLO BEVILACQUA SINDACO DEL POPOLO,16,MURACA CARMELINA ISA,maggioli_2025_preferences_section_l06_xml
comunali_lamezia_2025,6,GIANPAOLO BEVILACQUA SINDACO DEL POPOLO,17,ORLANDO GIORGIA,maggioli_2025_preferences_section_l06_xml
comunali_lamezia_2025,6,GIANPAOLO BEVILACQUA SINDACO DEL POPOLO,18,PAGLIARO ALESSANDRA,maggioli_2025_preferences_section_l06_xml
comunali_lamezia_2025,6,GIANPAOLO BEVILACQUA SINDACO DEL POPOLO,19,RASO MARIALUCIA,maggioli_2025_preferences_section_l06_xml
comunali_lamezia_2025,6,GIANPAOLO BEVILACQUA SINDACO DEL POPOLO,20,RIZZO DANILO,maggioli_2025_preferences_section_l06_xml
comunali_lamezia_2025,6,GIANPAOLO BEVILACQUA SINDACO DEL POPOLO,21,TALARICO ANTONIO MARIA,maggioli_2025_preferences_section_l06_xml
comunali_lamezia_2025,6,GIANPAOLO BEVILACQUA SINDACO DEL POPOLO,22,VENTURA LINO,maggioli_2025_preferences_section_l06_xml
comunali_lamezia_2025,6,GIANPAOLO BEVILACQUA SINDACO DEL POPOLO,23,VILLELLA FELICIA,maggioli_2025_preferences_section_l06_xml
comunali_lamezia_2025,6,GIANPAOLO BEVILACQUA SINDACO DEL POPOLO,24,VIOLA ANTONELLO,maggioli_2025_preferences_section_l06_xml
comunali_lamezia_2025,7,L'ITALIA DEL MERIDIONE - LAMEZIA NEL CUORE,1,ACCORDINO SALVATORE,maggioli_2025_preferences_section_l07_xml
comunali_lamezia_2025,7,L'ITALIA DEL MERIDIONE - LAMEZIA NEL CUORE,2,ALVINO SALVATORE,maggioli_2025_preferences_section_l07_xml
comunali_lamezia_2025,7,L'ITALIA DEL MERIDIONE - LAMEZIA NEL CUORE,3,CHIRUMBOLO PASQUALE,maggioli_2025_preferences_section_l07_xml
comunali_lamezia_2025,7,L'ITALIA DEL MERIDIONE - LAMEZIA NEL CUORE,4,CIMINO CARMELINA,maggioli_2025_preferences_section_l07_xml
comunali_lamezia_2025,7,L'ITALIA DEL MERIDIONE - LAMEZIA NEL CUORE,5,FAZIO ANTONELLA,maggioli_2025_preferences_section_l07_xml
comunali_lamezia_2025,7,L'ITALIA DEL MERIDIONE - LAMEZIA NEL CUORE,6,FAZIO ROSARIO,maggioli_2025_preferences_section_l07_xml
comunali_lamezia_2025,7,L'ITALIA DEL MERIDIONE - LAMEZIA NEL CUORE,7,LONGO DENISE,maggioli_2025_preferences_section_l07_xml
comunali_lamezia_2025,7,L'ITALIA DEL MERIDIONE - LAMEZIA NEL CUORE,8,MURACA MICHELE,maggioli_2025_preferences_section_l07_xml
comunali_lamezia_2025,7,L'ITALIA DEL MERIDIONE - LAMEZIA NEL CUORE,9,PULICICCHIO RAMONA,maggioli_2025_preferences_section_l07_xml
comunali_lamezia_2025,7,L'ITALIA DEL MERIDIONE - LAMEZIA NEL CUORE,10,ROPERTO FRANCESCO,maggioli_2025_preferences_section_l07_xml
comunali_lamezia_2025,7,L'ITALIA DEL MERIDIONE - LAMEZIA NEL CUORE,11,SALADINO GIOVANNA,maggioli_2025_preferences_section_l07_xml
comunali_lamezia_2025,7,L'ITALIA DEL MERIDIONE - LAMEZIA NEL CUORE,12,SCALZO SANDRINO,maggioli_2025_preferences_section_l07_xml
comunali_lamezia_2025,7,L'ITALIA DEL MERIDIONE - LAMEZIA NEL CUORE,13,SCARPINO FRANCESCO ANTONIO,maggioli_2025_preferences_section_l07_xml
comunali_lamezia_2025,7,L'ITALIA DEL MERIDIONE - LAMEZIA NEL CUORE,14,SPENA FRANCESCO,maggioli_2025_preferences_section_l07_xml
comunali_lamezia_2025,7,L'ITALIA DEL MERIDIONE - LAMEZIA NEL CUORE,15,STRANGIS ANTONIO,maggioli_2025_preferences_section_l07_xml
comunali_lamezia_2025,7,L'ITALIA DEL MERIDIONE - LAMEZIA NEL CUORE,16,STRANGIS SENDY,maggioli_2025_preferences_section_l07_xml
comunali_lamezia_2025,7,L'ITALIA DEL MERIDIONE - LAMEZIA NEL CUORE,17,TALARICO GIAN-CARLO,maggioli_2025_preferences_section_l07_xml
comunali_lamezia_2025,7,L'ITALIA DEL MERIDIONE - LAMEZIA NEL CUORE,18,TORCHIA GIUSEPPE,maggioli_2025_preferences_section_l07_xml
comunali_lamezia_2025,7,L'ITALIA DEL MERIDIONE - LAMEZIA NEL CUORE,19,TROPEA MARIAFELICIA,maggioli_2025_preferences_section_l07_xml
comunali_lamezia_2025,7,L'ITALIA DEL MERIDIONE - LAMEZIA NEL CUORE,20,VACCARO ANTONIO,maggioli_2025_preferences_section_l07_xml
comunali_lamezia_2025,7,L'ITALIA DEL MERIDIONE - LAMEZIA NEL CUORE,21,VESCIO FRANCESCO,maggioli_2025_preferences_section_l07_xml
comunali_lamezia_2025,8,MOVIMENTO INDIPENDENZA,1,D'ALESSI ANTONIO,maggioli_2025_preferences_section_l08_xml
comunali_lamezia_2025,8,MOVIMENTO INDIPENDENZA,2,ALIBRANDI BARTOLOMEO,maggioli_2025_preferences_section_l08_xml
comunali_lamezia_2025,8,MOVIMENTO INDIPENDENZA,3,BRUNI GAIA MARIA,maggioli_2025_preferences_section_l08_xml
comunali_lamezia_2025,8,MOVIMENTO INDIPENDENZA,4,BUONOCORE MARCO,maggioli_2025_preferences_section_l08_xml
comunali_lamezia_2025,8,MOVIMENTO INDIPENDENZA,5,BUCCAFURI VINCENZO,maggioli_2025_preferences_section_l08_xml
comunali_lamezia_2025,8,MOVIMENTO INDIPENDENZA,6,COMITO PIETRO,maggioli_2025_preferences_section_l08_xml
comunali_lamezia_2025,8,MOVIMENTO INDIPENDENZA,7,COSTANTINO CAMILLO,maggioli_2025_preferences_section_l08_xml
comunali_lamezia_2025,8,MOVIMENTO INDIPENDENZA,8,DE' MEDICI LORENZO,maggioli_2025_preferences_section_l08_xml
comunali_lamezia_2025,8,MOVIMENTO INDIPENDENZA,9,DE SALVO ROBERTO detto SALVO,maggioli_2025_preferences_section_l08_xml
comunali_lamezia_2025,8,MOVIMENTO INDIPENDENZA,10,LO GATTO GIOVANNA,maggioli_2025_preferences_section_l08_xml
comunali_lamezia_2025,8,MOVIMENTO INDIPENDENZA,11,LOPEZ ANTONIO,maggioli_2025_preferences_section_l08_xml
comunali_lamezia_2025,8,MOVIMENTO INDIPENDENZA,12,MASTROIANNI MICHEL detto MASTROIANNI,maggioli_2025_preferences_section_l08_xml
comunali_lamezia_2025,8,MOVIMENTO INDIPENDENZA,13,MASTROIANNI VALERIA detta VALERIA,maggioli_2025_preferences_section_l08_xml
comunali_lamezia_2025,8,MOVIMENTO INDIPENDENZA,14,MONDELLO EMANUELA,maggioli_2025_preferences_section_l08_xml
comunali_lamezia_2025,8,MOVIMENTO INDIPENDENZA,15,PESCE ANNA,maggioli_2025_preferences_section_l08_xml
comunali_lamezia_2025,8,MOVIMENTO INDIPENDENZA,16,PULLIA FRANCA MARIA,maggioli_2025_preferences_section_l08_xml
comunali_lamezia_2025,8,MOVIMENTO INDIPENDENZA,17,SPINELLI TOMMASO,maggioli_2025_preferences_section_l08_xml
comunali_lamezia_2025,8,MOVIMENTO INDIPENDENZA,18,STELLA ANTONIO,maggioli_2025_preferences_section_l08_xml
comunali_lamezia_2025,8,MOVIMENTO INDIPENDENZA,19,TROVATO ALESSANDRO,maggioli_2025_preferences_section_l08_xml
comunali_lamezia_2025,8,MOVIMENTO INDIPENDENZA,20,VENTURA PASQUALINA,maggioli_2025_preferences_section_l08_xml
comunali_lamezia_2025,8,MOVIMENTO INDIPENDENZA,21,ZIZZA FEDERICA,maggioli_2025_preferences_section_l08_xml
comunali_lamezia_2025,9,LAMEZIA DOMANI,1,AMENDOLA SAVERIO,maggioli_2025_preferences_section_l09_xml
comunali_lamezia_2025,9,LAMEZIA DOMANI,2,ANGOTTI FILOMENA,maggioli_2025_preferences_section_l09_xml
comunali_lamezia_2025,9,LAMEZIA DOMANI,3,CARUSO FRANCESCO,maggioli_2025_preferences_section_l09_xml
comunali_lamezia_2025,9,LAMEZIA DOMANI,4,DE SARRO PIETRINA detta PIERA,maggioli_2025_preferences_section_l09_xml
comunali_lamezia_2025,9,LAMEZIA DOMANI,5,DE SENSI MARIA GABRIELLA,maggioli_2025_preferences_section_l09_xml
comunali_lamezia_2025,9,LAMEZIA DOMANI,6,FILIPPONE MARILENA,maggioli_2025_preferences_section_l09_xml
comunali_lamezia_2025,9,LAMEZIA DOMANI,7,GIAMPA' DOMENICO,maggioli_2025_preferences_section_l09_xml
comunali_lamezia_2025,9,LAMEZIA DOMANI,8,GIANTURCO GENNARO detto MIMMO,maggioli_2025_preferences_section_l09_xml
comunali_lamezia_2025,9,LAMEZIA DOMANI,9,GRANDINETTI MORENA,maggioli_2025_preferences_section_l09_xml
comunali_lamezia_2025,9,LAMEZIA DOMANI,10,ISABELLA ANTONIETTA,maggioli_2025_preferences_section_l09_xml
comunali_lamezia_2025,9,LAMEZIA DOMANI,11,LAGANA' EMANUELE,maggioli_2025_preferences_section_l09_xml
comunali_lamezia_2025,9,LAMEZIA DOMANI,12,MASTROIANNI NICOLA,maggioli_2025_preferences_section_l09_xml
comunali_lamezia_2025,9,LAMEZIA DOMANI,13,MAZZEO ANGELO,maggioli_2025_preferences_section_l09_xml
comunali_lamezia_2025,9,LAMEZIA DOMANI,14,MIRIELLO NICOLA COSIMO DAMIANO,maggioli_2025_preferences_section_l09_xml
comunali_lamezia_2025,9,LAMEZIA DOMANI,15,PALERMO FRANCESCA,maggioli_2025_preferences_section_l09_xml
comunali_lamezia_2025,9,LAMEZIA DOMANI,16,POSCA CRISTINA,maggioli_2025_preferences_section_l09_xml
comunali_lamezia_2025,9,LAMEZIA DOMANI,17,POTENTE CINZIA,maggioli_2025_preferences_section_l09_xml
comunali_lamezia_2025,9,LAMEZIA DOMANI,18,PULICICCHIO ANTONIO,maggioli_2025_preferences_section_l09_xml
comunali_lamezia_2025,9,LAMEZIA DOMANI,19,PULLIA LUIGI,maggioli_2025_preferences_section_l09_xml
comunali_lamezia_2025,9,LAMEZIA DOMANI,20,RUBERTO SABRINA,maggioli_2025_preferences_section_l09_xml
comunali_lamezia_2025,9,LAMEZIA DOMANI,21,SINOPOLI PASQUALE,maggioli_2025_preferences_section_l09_xml
comunali_lamezia_2025,9,LAMEZIA DOMANI,22,SOLLA CLARA,maggioli_2025_preferences_section_l09_xml
comunali_lamezia_2025,9,LAMEZIA DOMANI,23,VESCIO SALVATORE GENNARO,maggioli_2025_preferences_section_l09_xml
comunali_lamezia_2025,9,LAMEZIA DOMANI,24,VIVIANO CHIARA,maggioli_2025_preferences_section_l09_xml
comunali_lamezia_2025,10,NOI MODERATI,1,ROSATO MICHELE,maggioli_2025_preferences_section_l10_xml
comunali_lamezia_2025,10,NOI MODERATI,2,AFRICANO ROSSANA,maggioli_2025_preferences_section_l10_xml
comunali_lamezia_2025,10,NOI MODERATI,3,CAMPISANO CHIARA,maggioli_2025_preferences_section_l10_xml
comunali_lamezia_2025,10,NOI MODERATI,4,CARINO GIOVANNI,maggioli_2025_preferences_section_l10_xml
comunali_lamezia_2025,10,NOI MODERATI,5,CARNOVALE IRENE,maggioli_2025_preferences_section_l10_xml
comunali_lamezia_2025,10,NOI MODERATI,6,COLOSIMO ADELAIDE,maggioli_2025_preferences_section_l10_xml
comunali_lamezia_2025,10,NOI MODERATI,7,FAMULARO MONIQUE,maggioli_2025_preferences_section_l10_xml
comunali_lamezia_2025,10,NOI MODERATI,8,FOLINO MATTEO,maggioli_2025_preferences_section_l10_xml
comunali_lamezia_2025,10,NOI MODERATI,9,FRANCESCHI FRANCESCO,maggioli_2025_preferences_section_l10_xml
comunali_lamezia_2025,10,NOI MODERATI,10,GAETANO CLAUDIO,maggioli_2025_preferences_section_l10_xml
comunali_lamezia_2025,10,NOI MODERATI,11,GIGLIOTTI ALBERTO,maggioli_2025_preferences_section_l10_xml
comunali_lamezia_2025,10,NOI MODERATI,12,GIULIANO VINCENZO,maggioli_2025_preferences_section_l10_xml
comunali_lamezia_2025,10,NOI MODERATI,13,GRANATO ANTONIO,maggioli_2025_preferences_section_l10_xml
comunali_lamezia_2025,10,NOI MODERATI,14,MASTROIANNI MARIA detta CARMELA,maggioli_2025_preferences_section_l10_xml
comunali_lamezia_2025,10,NOI MODERATI,15,MATERAZZO PASQUALE,maggioli_2025_preferences_section_l10_xml
comunali_lamezia_2025,10,NOI MODERATI,16,MAZZEI ANTONIO,maggioli_2025_preferences_section_l10_xml
comunali_lamezia_2025,10,NOI MODERATI,17,MERAGLIA MASSIMILIANO detto MASSI,maggioli_2025_preferences_section_l10_xml
comunali_lamezia_2025,10,NOI MODERATI,18,MERCURIO ROSINA,maggioli_2025_preferences_section_l10_xml
comunali_lamezia_2025,10,NOI MODERATI,19,PARISI ENRICO,maggioli_2025_preferences_section_l10_xml
comunali_lamezia_2025,10,NOI MODERATI,20,RASO ALESSANDRO SANTO,maggioli_2025_preferences_section_l10_xml
comunali_lamezia_2025,10,NOI MODERATI,21,RUBINO ROSY,maggioli_2025_preferences_section_l10_xml
comunali_lamezia_2025,10,NOI MODERATI,22,SALADINI GIOVANNI ARRIGO,maggioli_2025_preferences_section_l10_xml
comunali_lamezia_2025,10,NOI MODERATI,23,SPINELLI ANNALISA,maggioli_2025_preferences_section_l10_xml
comunali_lamezia_2025,10,NOI MODERATI,24,VESCIO JESSICA,maggioli_2025_preferences_section_l10_xml
comunali_lamezia_2025,11,CALABRIA AZZURRA,1,BARRIS FRANCESCO,maggioli_2025_preferences_section_l11_xml
comunali_lamezia_2025,11,CALABRIA AZZURRA,2,BELVILLE LUCIANA,maggioli_2025_preferences_section_l11_xml
comunali_lamezia_2025,11,CALABRIA AZZURRA,3,CALAPRISTI MARIA TERESA,maggioli_2025_preferences_section_l11_xml
comunali_lamezia_2025,11,CALABRIA AZZURRA,4,CUDA STEFANIA,maggioli_2025_preferences_section_l11_xml
comunali_lamezia_2025,11,CALABRIA AZZURRA,5,CUTRI' VINCENZO,maggioli_2025_preferences_section_l11_xml
comunali_lamezia_2025,11,CALABRIA AZZURRA,6,DE SARRO ANGELINO detto ANGELO,maggioli_2025_preferences_section_l11_xml
comunali_lamezia_2025,11,CALABRIA AZZURRA,7,DI CESARIO ANNA DEBORA,maggioli_2025_preferences_section_l11_xml
comunali_lamezia_2025,11,CALABRIA AZZURRA,8,DONATO GIOVANNI,maggioli_2025_preferences_section_l11_xml
comunali_lamezia_2025,11,CALABRIA AZZURRA,9,FALVO MARIA,maggioli_2025_preferences_section_l11_xml
comunali_lamezia_2025,11,CALABRIA AZZURRA,10,ISABELLA FRANCESCO,maggioli_2025_preferences_section_l11_xml
comunali_lamezia_2025,11,CALABRIA AZZURRA,11,LENTO GIANPIERO,maggioli_2025_preferences_section_l11_xml
comunali_lamezia_2025,11,CALABRIA AZZURRA,12,LONGO GENNARO,maggioli_2025_preferences_section_l11_xml
comunali_lamezia_2025,11,CALABRIA AZZURRA,13,MARTELLO VALERIA,maggioli_2025_preferences_section_l11_xml
comunali_lamezia_2025,11,CALABRIA AZZURRA,14,MENDICINO SALVATORE ANTONIO,maggioli_2025_preferences_section_l11_xml
comunali_lamezia_2025,11,CALABRIA AZZURRA,15,NICOTERA GIANCARLO,maggioli_2025_preferences_section_l11_xml
comunali_lamezia_2025,11,CALABRIA AZZURRA,16,PAOLA GIOVANNI,maggioli_2025_preferences_section_l11_xml
comunali_lamezia_2025,11,CALABRIA AZZURRA,17,PEGNA RUGGERO,maggioli_2025_preferences_section_l11_xml
comunali_lamezia_2025,11,CALABRIA AZZURRA,18,RIZZO ANTOINETTE detta TONIA,maggioli_2025_preferences_section_l11_xml
comunali_lamezia_2025,11,CALABRIA AZZURRA,19,SANTANGELO PIETRO,maggioli_2025_preferences_section_l11_xml
comunali_lamezia_2025,11,CALABRIA AZZURRA,20,SCALISE GIULIA,maggioli_2025_preferences_section_l11_xml
comunali_lamezia_2025,11,CALABRIA AZZURRA,21,TORCASIO ANTONIA VALERIA,maggioli_2025_preferences_section_l11_xml
comunali_lamezia_2025,11,CALABRIA AZZURRA,22,TORCASO PASQUALE,maggioli_2025_preferences_section_l11_xml
comunali_lamezia_2025,11,CALABRIA AZZURRA,23,TROPEA VINCENZO,maggioli_2025_preferences_section_l11_xml
comunali_lamezia_2025,11,CALABRIA AZZURRA,24,VIGLIATURO TERESA,maggioli_2025_preferences_section_l11_xml
comunali_lamezia_2025,12,FORZA ITALIA,1,BENINCASA LORENZO,maggioli_2025_preferences_section_l12_xml
comunali_lamezia_2025,12,FORZA ITALIA,2,BEVILACQUA CARLO,maggioli_2025_preferences_section_l12_xml
comunali_lamezia_2025,12,FORZA ITALIA,3,CAPARROTTA ANNAMARIA,maggioli_2025_preferences_section_l12_xml
comunali_lamezia_2025,12,FORZA ITALIA,4,CAROSA ANTONIO,maggioli_2025_preferences_section_l12_xml
comunali_lamezia_2025,12,FORZA ITALIA,5,CARUSO TITINA detta CAROLINA,maggioli_2025_preferences_section_l12_xml
comunali_lamezia_2025,12,FORZA ITALIA,6,CAVALLARO GIUSY,maggioli_2025_preferences_section_l12_xml
comunali_lamezia_2025,12,FORZA ITALIA,7,COLACINO ASSUNTA MARIA,maggioli_2025_preferences_section_l12_xml
comunali_lamezia_2025,12,FORZA ITALIA,8,CORRADO DANIELA,maggioli_2025_preferences_section_l12_xml
comunali_lamezia_2025,12,FORZA ITALIA,9,GALLO ANTONELLA,maggioli_2025_preferences_section_l12_xml
comunali_lamezia_2025,12,FORZA ITALIA,10,GRANDINETTI MARIA,maggioli_2025_preferences_section_l12_xml
comunali_lamezia_2025,12,FORZA ITALIA,11,GRECO DANILO,maggioli_2025_preferences_section_l12_xml
comunali_lamezia_2025,12,FORZA ITALIA,12,MASTROIANNI DAVIDE,maggioli_2025_preferences_section_l12_xml
comunali_lamezia_2025,12,FORZA ITALIA,13,MATERAZZO FRANCESCO,maggioli_2025_preferences_section_l12_xml
comunali_lamezia_2025,12,FORZA ITALIA,14,NATRELLA PASQUALE detto PASQUALINO,maggioli_2025_preferences_section_l12_xml
comunali_lamezia_2025,12,FORZA ITALIA,15,NICOTERA VINCENZO,maggioli_2025_preferences_section_l12_xml
comunali_lamezia_2025,12,FORZA ITALIA,16,PARADISO TRANQUILLO,maggioli_2025_preferences_section_l12_xml
comunali_lamezia_2025,12,FORZA ITALIA,17,PERRI ERICA ANDREA,maggioli_2025_preferences_section_l12_xml
comunali_lamezia_2025,12,FORZA ITALIA,18,RENDA LUISA,maggioli_2025_preferences_section_l12_xml
comunali_lamezia_2025,12,FORZA ITALIA,19,ROBERTO GIOVANNI,maggioli_2025_preferences_section_l12_xml
comunali_lamezia_2025,12,FORZA ITALIA,20,RUMORO SANDRA,maggioli_2025_preferences_section_l12_xml
comunali_lamezia_2025,12,FORZA ITALIA,21,RUSSO ROSSELLA,maggioli_2025_preferences_section_l12_xml
comunali_lamezia_2025,12,FORZA ITALIA,22,VACCARO MICHELE,maggioli_2025_preferences_section_l12_xml
comunali_lamezia_2025,12,FORZA ITALIA,23,VASTA MANUEL,maggioli_2025_preferences_section_l12_xml
comunali_lamezia_2025,12,FORZA ITALIA,24,VESCIO ANTONIO,maggioli_2025_preferences_section_l12_xml
comunali_lamezia_2025,13,LEGA SALVINI CALABRIA,1,AMICARELLI DONATELLA detta MICARELLI,maggioli_2025_preferences_section_l13_xml
comunali_lamezia_2025,13,LEGA SALVINI CALABRIA,2,BONACCURSO SIMONE,maggioli_2025_preferences_section_l13_xml
comunali_lamezia_2025,13,LEGA SALVINI CALABRIA,3,CALIDONNA GENNARO,maggioli_2025_preferences_section_l13_xml
comunali_lamezia_2025,13,LEGA SALVINI CALABRIA,4,CRISTIANO MASSIMO,maggioli_2025_preferences_section_l13_xml
comunali_lamezia_2025,13,LEGA SALVINI CALABRIA,5,D'AMICO ANTONIETTA,maggioli_2025_preferences_section_l13_xml
comunali_lamezia_2025,13,LEGA SALVINI CALABRIA,6,D'ASCOLI YLENIA,maggioli_2025_preferences_section_l13_xml
comunali_lamezia_2025,13,LEGA SALVINI CALABRIA,7,DEL GAISO ROBERTO,maggioli_2025_preferences_section_l13_xml
comunali_lamezia_2025,13,LEGA SALVINI CALABRIA,8,FRAONE DOMENICO PEPPINO ANTONIO,maggioli_2025_preferences_section_l13_xml
comunali_lamezia_2025,13,LEGA SALVINI CALABRIA,9,GIAMPA' ALESSANDRO,maggioli_2025_preferences_section_l13_xml
comunali_lamezia_2025,13,LEGA SALVINI CALABRIA,10,GIULIANO MARIA TERESA,maggioli_2025_preferences_section_l13_xml
comunali_lamezia_2025,13,LEGA SALVINI CALABRIA,11,LENTO DANILA,maggioli_2025_preferences_section_l13_xml
comunali_lamezia_2025,13,LEGA SALVINI CALABRIA,12,MARRAZZO DAVIDE,maggioli_2025_preferences_section_l13_xml
comunali_lamezia_2025,13,LEGA SALVINI CALABRIA,13,MASTROIANNI ANTONIO detto TONINO,maggioli_2025_preferences_section_l13_xml
comunali_lamezia_2025,13,LEGA SALVINI CALABRIA,14,MENDICINO SAVERIO,maggioli_2025_preferences_section_l13_xml
comunali_lamezia_2025,13,LEGA SALVINI CALABRIA,15,METE LIVIO GIUSEPPE,maggioli_2025_preferences_section_l13_xml
comunali_lamezia_2025,13,LEGA SALVINI CALABRIA,16,MONTILLA MARIA CARMELINA,maggioli_2025_preferences_section_l13_xml
comunali_lamezia_2025,13,LEGA SALVINI CALABRIA,17,PASCUZZO RAFFAELLA,maggioli_2025_preferences_section_l13_xml
comunali_lamezia_2025,13,LEGA SALVINI CALABRIA,18,ROMANO FEDERICA,maggioli_2025_preferences_section_l13_xml
comunali_lamezia_2025,13,LEGA SALVINI CALABRIA,19,RUBINO CARMINE,maggioli_2025_preferences_section_l13_xml
comunali_lamezia_2025,13,LEGA SALVINI CALABRIA,20,SCARPINO SIMONA,maggioli_2025_preferences_section_l13_xml
comunali_lamezia_2025,13,LEGA SALVINI CALABRIA,21,STANCU TUDORITA AURELIA detta AURA,maggioli_2025_preferences_section_l13_xml
comunali_lamezia_2025,13,LEGA SALVINI CALABRIA,22,TRUGLIA FRANCESCO,maggioli_2025_preferences_section_l13_xml
comunali_lamezia_2025,13,LEGA SALVINI CALABRIA,23,VILLELLA CARMINE,maggioli_2025_preferences_section_l13_xml
comunali_lamezia_2025,13,LEGA SALVINI CALABRIA,24,VISCIGLIA NATASCIA,maggioli_2025_preferences_section_l13_xml
comunali_lamezia_2025,14,FRATELLI D'ITALIA,1,ARTUSA ROSALBA ANNA,maggioli_2025_preferences_section_l14_xml
comunali_lamezia_2025,14,FRATELLI D'ITALIA,2,BARETTA IOLANDA,maggioli_2025_preferences_section_l14_xml
comunali_lamezia_2025,14,FRATELLI D'ITALIA,3,CATAUDO SALVATORE,maggioli_2025_preferences_section_l14_xml
comunali_lamezia_2025,14,FRATELLI D'ITALIA,4,COSTANTINO ENRICO,maggioli_2025_preferences_section_l14_xml
comunali_lamezia_2025,14,FRATELLI D'ITALIA,5,FUSCO VINCENZO,maggioli_2025_preferences_section_l14_xml
comunali_lamezia_2025,14,FRATELLI D'ITALIA,6,GAROZZO GIUSEPPE,maggioli_2025_preferences_section_l14_xml
comunali_lamezia_2025,14,FRATELLI D'ITALIA,7,GRANDE GIOVANNI,maggioli_2025_preferences_section_l14_xml
comunali_lamezia_2025,14,FRATELLI D'ITALIA,8,LORENA ANTONIO,maggioli_2025_preferences_section_l14_xml
comunali_lamezia_2025,14,FRATELLI D'ITALIA,9,MANCUSO MANUELA,maggioli_2025_preferences_section_l14_xml
comunali_lamezia_2025,14,FRATELLI D'ITALIA,10,MASTROIANNI ELENA,maggioli_2025_preferences_section_l14_xml
comunali_lamezia_2025,14,FRATELLI D'ITALIA,11,MERCADANTE ROSSELLA,maggioli_2025_preferences_section_l14_xml
comunali_lamezia_2025,14,FRATELLI D'ITALIA,12,PIZZONIA GIULIA,maggioli_2025_preferences_section_l14_xml
comunali_lamezia_2025,14,FRATELLI D'ITALIA,13,PORCHIA FRANCESCO MARIA CARMELO,maggioli_2025_preferences_section_l14_xml
comunali_lamezia_2025,14,FRATELLI D'ITALIA,14,RASO GIOVANNI MANUEL,maggioli_2025_preferences_section_l14_xml
comunali_lamezia_2025,14,FRATELLI D'ITALIA,15,SALADINO MARIA detta MARY,maggioli_2025_preferences_section_l14_xml
comunali_lamezia_2025,14,FRATELLI D'ITALIA,16,SAULLO ALESSANDRO,maggioli_2025_preferences_section_l14_xml
comunali_lamezia_2025,14,FRATELLI D'ITALIA,17,SCUGLIA FRANCO,maggioli_2025_preferences_section_l14_xml
comunali_lamezia_2025,14,FRATELLI D'ITALIA,18,SERRATORE PIETRO,maggioli_2025_preferences_section_l14_xml
comunali_lamezia_2025,14,FRATELLI D'ITALIA,19,TEDESCO ITANIA,maggioli_2025_preferences_section_l14_xml
comunali_lamezia_2025,14,FRATELLI D'ITALIA,20,TORCASIO PIETRO,maggioli_2025_preferences_section_l14_xml
comunali_lamezia_2025,14,FRATELLI D'ITALIA,21,TRAPUZZANO RUGGERO,maggioli_2025_preferences_section_l14_xml
comunali_lamezia_2025,14,FRATELLI D'ITALIA,22,ZAFFINA PEPPINO detto PINO,maggioli_2025_preferences_section_l14_xml
comunali_lamezia_2025,14,FRATELLI D'ITALIA,23,FOLINO GALLO PIETRO GUGLIELMO,maggioli_2025_preferences_section_l14_xml
comunali_lamezia_2025,14,FRATELLI D'ITALIA,24,ROCCA ANTONIO,maggioli_2025_preferences_section_l14_xml
