council_candidate_id,election_id,list_id,candidate_name,normalised_candidate_name,source_doc_id,notes
comunali_lamezia_2025_list_partito_democratico_candidate_arichetta_valentina,comunali_lamezia_2025,comunali_lamezia_2025_list_partito_democratico,ARICHETTA VALENTINA,ARICHETTA VALENTINA,maggioli_2025_preferences_section_l01_xml,maggioli_list_number=1; maggioli_council_candidate_number=1
comunali_lamezia_2025_list_partito_democratico_candidate_carito_francesco,comunali_lamezia_2025,comunali_lamezia_2025_list_partito_democratico,CARITO FRANCESCO,CARITO FRANCESCO,maggioli_2025_preferences_section_l01_xml,maggioli_list_number=1; maggioli_council_candidate_number=2
comunali_lamezia_2025_list_partito_democratico_candidate_chirico_deborah,comunali_lamezia_2025,comunali_lamezia_2025_list_partito_democratico,CHIRICO DEBORAH,CHIRICO DEBORAH,maggioli_2025_preferences_section_l01_xml,maggioli_list_number=1; maggioli_council_candidate_number=3
comunali_lamezia_2025_list_partito_democratico_candidate_corrado_luana,comunali_lamezia_2025,comunali_lamezia_2025_list_partito_democratico,CORRADO LUANA,CORRADO LUANA,maggioli_2025_preferences_section_l01_xml,maggioli_list_number=1; maggioli_council_candidate_number=4
comunali_lamezia_2025_list_partito_democratico_candidate_davoli_giovanni,comunali_lamezia_2025,comunali_lamezia_2025_list_partito_democratico,DAVOLI GIOVANNI,DAVOLI GIOVANNI,maggioli_2025_preferences_section_l01_xml,maggioli_list_number=1; maggioli_council_candidate_number=5
comunali_lamezia_2025_list_partito_democratico_candidate_feroleto_mariafrancesca,comunali_lamezia_2025,comunali_lamezia_2025_list_partito_democratico,FEROLETO MARIAFRANCESCA,FEROLETO MARIAFRANCESCA,maggioli_2025_preferences_section_l01_xml,maggioli_list_number=1; maggioli_council_candidate_number=6
comunali_lamezia_2025_list_partito_democratico_candidate_ferrari_saverio,comunali_lamezia_2025,comunali_lamezia_2025_list_partito_democratico,FERRARI SAVERIO,FERRARI SAVERIO,maggioli_2025_preferences_section_l01_xml,maggioli_list_number=1; maggioli_council_candidate_number=7
comunali_lamezia_2025_list_partito_democratico_candidate_gallo_giovanni,comunali_lamezia_2025,comunali_lamezia_2025_list_partito_democratico,GALLO GIOVANNI,GALLO GIOVANNI,maggioli_2025_preferences_section_l01_xml,maggioli_list_number=1; maggioli_council_candidate_number=8
comunali_lamezia_2025_list_partito_democratico_candidate_gigliotti_giuseppe_detto_giosy,comunali_lamezia_2025,comunali_lamezia_2025_list_partito_democratico,GIGLIOTTI GIUSEPPE detto GIOSY,GIGLIOTTI GIUSEPPE DETTO GIOSY,maggioli_2025_preferences_section_l01_xml,maggioli_list_number=1; maggioli_council_candidate_number=9
comunali_lamezia_2025_list_partito_democratico_candidate_gigliotti_laura,comunali_lamezia_2025,comunali_lamezia_2025_list_partito_democratico,GIGLIOTTI LAURA,GIGLIOTTI LAURA,maggioli_2025_preferences_section_l01_xml,maggioli_list_number=1; maggioli_council_candidate_number=10
comunali_lamezia_2025_list_partito_democratico_candidate_grandinetti_daniela_immacolata,comunali_lamezia_2025,comunali_lamezia_2025_list_partito_democratico,GRANDINETTI DANIELA IMMACOLATA,GRANDINETTI DANIELA IMMACOLATA,maggioli_2025_preferences_section_l01_xml,maggioli_list_number=1; maggioli_council_candidate_number=11
comunali_lamezia_2025_list_partito_democratico_candidate_limardi_rosamaria,comunali_lamezia_2025,comunali_lamezia_2025_list_partito_democratico,LIMARDI ROSAMARIA,LIMARDI ROSAMARIA,maggioli_2025_preferences_section_l01_xml,maggioli_list_number=1; maggioli_council_candidate_number=12
comunali_lamezia_2025_list_partito_democratico_candidate_liotta_carmela_milena,comunali_lamezia_2025,comunali_lamezia_2025_list_partito_democratico,LIOTTA CARMELA MILENA,LIOTTA CARMELA MILENA,maggioli_2025_preferences_section_l01_xml,maggioli_list_number=1; maggioli_council_candidate_number=13
comunali_lamezia_2025_list_partito_democratico_candidate_masi_gennarino,comunali_lamezia_2025,comunali_lamezia_2025_list_partito_democratico,MASI GENNARINO,MASI GENNARINO,maggioli_2025_preferences_section_l01_xml,maggioli_list_number=1; maggioli_council_candidate_number=14
comunali_lamezia_2025_list_partito_democratico_candidate_mastroianni_chiara,comunali_lamezia_2025,comunali_lamezia_2025_list_partito_democratico,MASTROIANNI CHIARA,MASTROIANNI CHIARA,maggioli_2025_preferences_section_l01_xml,maggioli_list_number=1; maggioli_council_candidate_number=15
comunali_lamezia_2025_list_partito_democratico_candidate_miscimarra_santa_patrizia,comunali_lamezia_2025,comunali_lamezia_2025_list_partito_democratico,MISCIMARRA SANTA PATRIZIA,MISCIMARRA SANTA PATRIZIA,maggioli_2025_preferences_section_l01_xml,maggioli_list_number=1; maggioli_council_candidate_number=16
comunali_lamezia_2025_list_partito_democratico_candidate_muraca_fabrizio,comunali_lamezia_2025,comunali_lamezia_2025_list_partito_democratico,MURACA FABRIZIO,MURACA FABRIZIO,maggioli_2025_preferences_section_l01_xml,maggioli_list_number=1; maggioli_council_candidate_number=17
comunali_lamezia_2025_list_partito_democratico_candidate_pandolfo_antonio,comunali_lamezia_2025,comunali_lamezia_2025_list_partito_democratico,PANDOLFO ANTONIO,PANDOLFO ANTONIO,maggioli_2025_preferences_section_l01_xml,maggioli_list_number=1; maggioli_council_candidate_number=18
comunali_lamezia_2025_list_partito_democratico_candidate_perri_cesare,comunali_lamezia_2025,comunali_lamezia_2025_list_partito_democratico,PERRI CESARE,PERRI CESARE,maggioli_2025_preferences_section_l01_xml,maggioli_list_number=1; maggioli_council_candidate_number=19
comunali_lamezia_2025_list_partito_democratico_candidate_piccioni_rosario,comunali_lamezia_2025,comunali_lamezia_2025_list_partito_democratico,PICCIONI ROSARIO,PICCIONI ROSARIO,maggioli_2025_preferences_section_l01_xml,maggioli_list_number=1; maggioli_council_candidate_number=20
comunali_lamezia_2025_list_partito_democratico_candidate_pino_alessandro_tiziano,comunali_lamezia_2025,comunali_lamezia_2025_list_partito_democratico,PINO ALESSANDRO TIZIANO,PINO ALESSANDRO TIZIANO,maggioli_2025_preferences_section_l01_xml,maggioli_list_number=1; maggioli_council_candidate_number=21
comunali_lamezia_2025_list_partito_democratico_candidate_sirianni_antonio,comunali_lamezia_2025,comunali_lamezia_2025_list_partito_democratico,SIRIANNI ANTONIO,SIRIANNI ANTONIO,maggioli_2025_preferences_section_l01_xml,maggioli_list_number=1; maggioli_council_candidate_number=22
comunali_lamezia_2025_list_partito_democratico_candidate_taverna_domenico,comunali_lamezia_2025,comunali_lamezia_2025_list_partito_democratico,TAVERNA DOMENICO,TAVERNA DOMENICO,maggioli_2025_preferences_section_l01_xml,maggioli_list_number=1; maggioli_council_candidate_number=23
comunali_lamezia_2025_list_partito_democratico_candidate_vescio_lidia,comunali_lamezia_2025,comunali_lamezia_2025_list_partito_democratico,VESCIO LIDIA,VESCIO LIDIA,maggioli_2025_preferences_section_l01_xml,maggioli_list_number=1; maggioli_council_candidate_number=24
comunali_lamezia_2025_list_movimento_5_stelle_candidate_adamo_giovanna,comunali_lamezia_2025,comunali_lamezia_2025_list_movimento_5_stelle,ADAMO GIOVANNA,ADAMO GIOVANNA,maggioli_2025_preferences_section_l02_xml,maggioli_list_number=2; maggioli_council_candidate_number=1
comunali_lamezia_2025_list_movimento_5_stelle_candidate_apa_francesco,comunali_lamezia_2025,comunali_lamezia_2025_list_movimento_5_stelle,APA FRANCESCO,APA FRANCESCO,maggioli_2025_preferences_section_l02_xml,maggioli_list_number=2; maggioli_council_candidate_number=2
comunali_lamezia_2025_list_movimento_5_stelle_candidate_arena_nicola,comunali_lamezia_2025,comunali_lamezia_2025_list_movimento_5_stelle,ARENA NICOLA,ARENA NICOLA,maggioli_2025_preferences_section_l02_xml,maggioli_list_number=2; maggioli_council_candidate_number=3
comunali_lamezia_2025_list_movimento_5_stelle_candidate_bevacqua_vincenzo,comunali_lamezia_2025,comunali_lamezia_2025_list_movimento_5_stelle,BEVACQUA VINCENZO,BEVACQUA VINCENZO,maggioli_2025_preferences_section_l02_xml,maggioli_list_number=2; maggioli_council_candidate_number=4
comunali_lamezia_2025_list_movimento_5_stelle_candidate_caputo_caterina,comunali_lamezia_2025,comunali_lamezia_2025_list_movimento_5_stelle,CAPUTO CATERINA,CAPUTO CATERINA,maggioli_2025_preferences_section_l02_xml,maggioli_list_number=2; maggioli_council_candidate_number=5
comunali_lamezia_2025_list_movimento_5_stelle_candidate_cortese_maria_detta_maria_vittoria,comunali_lamezia_2025,comunali_lamezia_2025_list_movimento_5_stelle,CORTESE MARIA detta MARIA VITTORIA,CORTESE MARIA DETTA MARIA VITTORIA,maggioli_2025_preferences_section_l02_xml,maggioli_list_number=2; maggioli_council_candidate_number=6
comunali_lamezia_2025_list_movimento_5_stelle_candidate_davoli_mara_anna_carla,comunali_lamezia_2025,comunali_lamezia_2025_list_movimento_5_stelle,DAVOLI MARA ANNA CARLA,DAVOLI MARA ANNA CARLA,maggioli_2025_preferences_section_l02_xml,maggioli_list_number=2; maggioli_council_candidate_number=7
comunali_lamezia_2025_list_movimento_5_stelle_candidate_de_luca_pasquale,comunali_lamezia_2025,comunali_lamezia_2025_list_movimento_5_stelle,DE LUCA PASQUALE,DE LUCA PASQUALE,maggioli_2025_preferences_section_l02_xml,maggioli_list_number=2; maggioli_council_candidate_number=8
comunali_lamezia_2025_list_movimento_5_stelle_candidate_de_sensi_paolo,comunali_lamezia_2025,comunali_lamezia_2025_list_movimento_5_stelle,DE SENSI PAOLO,DE SENSI PAOLO,maggioli_2025_preferences_section_l02_xml,maggioli_list_number=2; maggioli_council_candidate_number=9
comunali_lamezia_2025_list_movimento_5_stelle_candidate_donato_giovanni,comunali_lamezia_2025,comunali_lamezia_2025_list_movimento_5_stelle,DONATO GIOVANNI,DONATO GIOVANNI,maggioli_2025_preferences_section_l02_xml,maggioli_list_number=2; maggioli_council_candidate_number=10
comunali_lamezia_2025_list_movimento_5_stelle_candidate_fragale_hyrya,comunali_lamezia_2025,comunali_lamezia_2025_list_movimento_5_stelle,FRAGALE HYRYA,FRAGALE HYRYA,maggioli_2025_preferences_section_l02_xml,maggioli_list_number=2; maggioli_council_candidate_number=11
comunali_lamezia_2025_list_movimento_5_stelle_candidate_grandinetti_alessia,comunali_lamezia_2025,comunali_lamezia_2025_list_movimento_5_stelle,GRANDINETTI ALESSIA,GRANDINETTI ALESSIA,maggioli_2025_preferences_section_l02_xml,maggioli_list_number=2; maggioli_council_candidate_number=12
comunali_lamezia_2025_list_movimento_5_stelle_candidate_iannazzo_daniela_francesca,comunali_lamezia_2025,comunali_lamezia_2025_list_movimento_5_stelle,IANNAZZO DANIELA FRANCESCA,IANNAZZO DANIELA FRANCESCA,maggioli_2025_preferences_section_l02_xml,maggioli_list_number=2; maggioli_council_candidate_number=13
comunali_lamezia_2025_list_movimento_5_stelle_candidate_lampasi_danilo,comunali_lamezia_2025,comunali_lamezia_2025_list_movimento_5_stelle,LAMPASI DANILO,LAMPASI DANILO,maggioli_2025_preferences_section_l02_xml,maggioli_list_number=2; maggioli_council_candidate_number=14
comunali_lamezia_2025_list_movimento_5_stelle_candidate_marinelli_antonio,comunali_lamezia_2025,comunali_lamezia_2025_list_movimento_5_stelle,MARINELLI ANTONIO,MARINELLI ANTONIO,maggioli_2025_preferences_section_l02_xml,maggioli_list_number=2; maggioli_council_candidate_number=15
comunali_lamezia_2025_list_movimento_5_stelle_candidate_martello_roberto,comunali_lamezia_2025,comunali_lamezia_2025_list_movimento_5_stelle,MARTELLO ROBERTO,MARTELLO ROBERTO,maggioli_2025_preferences_section_l02_xml,maggioli_list_number=2; maggioli_council_candidate_number=16
comunali_lamezia_2025_list_movimento_5_stelle_candidate_nociti_giovanni,comunali_lamezia_2025,comunali_lamezia_2025_list_movimento_5_stelle,NOCITI GIOVANNI,NOCITI GIOVANNI,maggioli_2025_preferences_section_l02_xml,maggioli_list_number=2; maggioli_council_candidate_number=17
comunali_lamezia_2025_list_movimento_5_stelle_candidate_perri_antonio,comunali_lamezia_2025,comunali_lamezia_2025_list_movimento_5_stelle,PERRI ANTONIO,PERRI ANTONIO,maggioli_2025_preferences_section_l02_xml,maggioli_list_number=2; maggioli_council_candidate_number=18
comunali_lamezia_2025_list_movimento_5_stelle_candidate_rondinelli_anna_maria,comunali_lamezia_2025,comunali_lamezia_2025_list_movimento_5_stelle,RONDINELLI ANNA MARIA,RONDINELLI ANNA MARIA,maggioli_2025_preferences_section_l02_xml,maggioli_list_number=2; maggioli_council_candidate_number=19
comunali_lamezia_2025_list_movimento_5_stelle_candidate_saturno_mariagiovanna,comunali_lamezia_2025,comunali_lamezia_2025_list_movimento_5_stelle,SATURNO MARIAGIOVANNA,SATURNO MARIAGIOVANNA,maggioli_2025_preferences_section_l02_xml,maggioli_list_number=2; maggioli_council_candidate_number=20
comunali_lamezia_2025_list_movimento_5_stelle_candidate_sinopoli_andrea,comunali_lamezia_2025,comunali_lamezia_2025_list_movimento_5_stelle,SINOPOLI ANDREA,SINOPOLI ANDREA,maggioli_2025_preferences_section_l02_xml,maggioli_list_number=2; maggioli_council_candidate_number=21
comunali_lamezia_2025_list_movimento_5_stelle_candidate_tropea_riccardo,comunali_lamezia_2025,comunali_lamezia_2025_list_movimento_5_stelle,TROPEA RICCARDO,TROPEA RICCARDO,maggioli_2025_preferences_section_l02_xml,maggioli_list_number=2; maggioli_council_candidate_number=22
comunali_lamezia_2025_list_movimento_5_stelle_candidate_vitale_giovanni,comunali_lamezia_2025,comunali_lamezia_2025_list_movimento_5_stelle,VITALE GIOVANNI,VITALE GIOVANNI,maggioli_2025_preferences_section_l02_xml,maggioli_list_number=2; maggioli_council_candidate_number=23
comunali_lamezia_2025_list_movimento_5_stelle_candidate_vonella_giulio_luciano,comunali_lamezia_2025,comunali_lamezia_2025_list_movimento_5_stelle,VONELLA GIULIO LUCIANO,VONELLA GIULIO LUCIANO,maggioli_2025_preferences_section_l02_xml,maggioli_list_number=2; maggioli_council_candidate_number=24
comunali_lamezia_2025_list_azione_candidate_vitale_annita,comunali_lamezia_2025,comunali_lamezia_2025_list_azione,VITALE ANNITA,VITALE ANNITA,maggioli_2025_preferences_section_l03_xml,maggioli_list_number=3; maggioli_council_candidate_number=1
comunali_lamezia_2025_list_azione_candidate_albi_michele,comunali_lamezia_2025,comunali_lamezia_2025_list_azione,ALBI MICHELE,ALBI MICHELE,maggioli_2025_preferences_section_l03_xml,maggioli_list_number=3; maggioli_council_candidate_number=2
comunali_lamezia_2025_list_azione_candidate_arcieri_dario,comunali_lamezia_2025,comunali_lamezia_2025_list_azione,ARCIERI DARIO,ARCIERI DARIO,maggioli_2025_preferences_section_l03_xml,maggioli_list_number=3; maggioli_council_candidate_number=3
comunali_lamezia_2025_list_azione_candidate_barberio_tonino,comunali_lamezia_2025,comunali_lamezia_2025_list_azione,BARBERIO TONINO,BARBERIO TONINO,maggioli_2025_preferences_section_l03_xml,maggioli_list_number=3; maggioli_council_candidate_number=4
comunali_lamezia_2025_list_azione_candidate_ceesay_bakary,comunali_lamezia_2025,comunali_lamezia_2025_list_azione,CEESAY BAKARY,CEESAY BAKARY,maggioli_2025_preferences_section_l03_xml,maggioli_list_number=3; maggioli_council_candidate_number=5
comunali_lamezia_2025_list_azione_candidate_cerra_pasquale,comunali_lamezia_2025,comunali_lamezia_2025_list_azione,CERRA PASQUALE,CERRA PASQUALE,maggioli_2025_preferences_section_l03_xml,maggioli_list_number=3; maggioli_council_candidate_number=6
comunali_lamezia_2025_list_azione_candidate_cugliandro_caterina,comunali_lamezia_2025,comunali_lamezia_2025_list_azione,CUGLIANDRO CATERINA,CUGLIANDRO CATERINA,maggioli_2025_preferences_section_l03_xml,maggioli_list_number=3; maggioli_council_candidate_number=7
comunali_lamezia_2025_list_azione_candidate_falvo_maria_stella_detta_stella_falvo,comunali_lamezia_2025,comunali_lamezia_2025_list_azione,FALVO MARIA STELLA detta STELLA FALVO,FALVO MARIA STELLA DETTA STELLA FALVO,maggioli_2025_preferences_section_l03_xml,maggioli_list_number=3; maggioli_council_candidate_number=8
comunali_lamezia_2025_list_azione_candidate_federico_antonio,comunali_lamezia_2025,comunali_lamezia_2025_list_azione,FEDERICO ANTONIO,FEDERICO ANTONIO,maggioli_2025_preferences_section_l03_xml,maggioli_list_number=3; maggioli_council_candidate_number=9
comunali_lamezia_2025_list_azione_candidate_fragiacomo_francesco,comunali_lamezia_2025,comunali_lamezia_2025_list_azione,FRAGIACOMO FRANCESCO,FRAGIACOMO FRANCESCO,maggioli_2025_preferences_section_l03_xml,maggioli_list_number=3; maggioli_council_candidate_number=10
comunali_lamezia_2025_list_azione_candidate_gigliotti_antonio,comunali_lamezia_2025,comunali_lamezia_2025_list_azione,GIGLIOTTI ANTONIO,GIGLIOTTI ANTONIO,maggioli_2025_preferences_section_l03_xml,maggioli_list_number=3; maggioli_council_candidate_number=11
comunali_lamezia_2025_list_azione_candidate_gualtieri_gabriele,comunali_lamezia_2025,comunali_lamezia_2025_list_azione,GUALTIERI GABRIELE,GUALTIERI GABRIELE,maggioli_2025_preferences_section_l03_xml,maggioli_list_number=3; maggioli_council_candidate_number=12
comunali_lamezia_2025_list_azione_candidate_maruca_valentina,comunali_lamezia_2025,comunali_lamezia_2025_list_azione,MARUCA VALENTINA,MARUCA VALENTINA,maggioli_2025_preferences_section_l03_xml,maggioli_list_number=3; maggioli_council_candidate_number=13
comunali_lamezia_2025_list_azione_candidate_matarazzo_cristiano,comunali_lamezia_2025,comunali_lamezia_2025_list_azione,MATARAZZO CRISTIANO,MATARAZZO CRISTIANO,maggioli_2025_preferences_section_l03_xml,maggioli_list_number=3; maggioli_council_candidate_number=14
comunali_lamezia_2025_list_azione_candidate_mazzei_pasquale,comunali_lamezia_2025,comunali_lamezia_2025_list_azione,MAZZEI PASQUALE,MAZZEI PASQUALE,maggioli_2025_preferences_section_l03_xml,maggioli_list_number=3; maggioli_council_candidate_number=15
comunali_lamezia_2025_list_azione_candidate_paone_daniela,comunali_lamezia_2025,comunali_lamezia_2025_list_azione,PAONE DANIELA,PAONE DANIELA,maggioli_2025_preferences_section_l03_xml,maggioli_list_number=3; maggioli_council_candidate_number=16
comunali_lamezia_2025_list_azione_candidate_pettinato_giovanna,comunali_lamezia_2025,comunali_lamezia_2025_list_azione,PETTINATO GIOVANNA,PETTINATO GIOVANNA,maggioli_2025_preferences_section_l03_xml,maggioli_list_number=3; maggioli_council_candidate_number=17
comunali_lamezia_2025_list_azione_candidate_platania_ferdinando,comunali_lamezia_2025,comunali_lamezia_2025_list_azione,PLATANIA FERDINANDO,PLATANIA FERDINANDO,maggioli_2025_preferences_section_l03_xml,maggioli_list_number=3; maggioli_council_candidate_number=18
comunali_lamezia_2025_list_azione_candidate_rametta_vincenzo_pio,comunali_lamezia_2025,comunali_lamezia_2025_list_azione,RAMETTA VINCENZO PIO,RAMETTA VINCENZO PIO,maggioli_2025_preferences_section_l03_xml,maggioli_list_number=3; maggioli_council_candidate_number=19
comunali_lamezia_2025_list_azione_candidate_sacco_ferdinando_giovanni_detto_maresciallo_sacco,comunali_lamezia_2025,comunali_lamezia_2025_list_azione,SACCO FERDINANDO GIOVANNI detto MARESCIALLO SACCO,SACCO FERDINANDO GIOVANNI DETTO MARESCIALLO SACCO,maggioli_2025_preferences_section_l03_xml,maggioli_list_number=3; maggioli_council_candidate_number=20
comunali_lamezia_2025_list_azione_candidate_serrao_massimiliano,comunali_lamezia_2025,comunali_lamezia_2025_list_azione,SERRAO MASSIMILIANO,SERRAO MASSIMILIANO,maggioli_2025_preferences_section_l03_xml,maggioli_list_number=3; maggioli_council_candidate_number=21
comunali_lamezia_2025_list_azione_candidate_stella_concetta_valentina_detta_valentina_stella,comunali_lamezia_2025,comunali_lamezia_2025_list_azione,STELLA CONCETTA VALENTINA detta VALENTINA STELLA,STELLA CONCETTA VALENTINA DETTA VALENTINA STELLA,maggioli_2025_preferences_section_l03_xml,maggioli_list_number=3; maggioli_council_candidate_number=22
comunali_lamezia_2025_list_azione_candidate_vesci_caterina,comunali_lamezia_2025,comunali_lamezia_2025_list_azione,VESCI CATERINA,VESCI CATERINA,maggioli_2025_preferences_section_l03_xml,maggioli_list_number=3; maggioli_council_candidate_number=23
comunali_lamezia_2025_list_azione_candidate_furfaro_stefania,comunali_lamezia_2025,comunali_lamezia_2025_list_azione,FURFARO STEFANIA,FURFARO STEFANIA,maggioli_2025_preferences_section_l03_xml,maggioli_list_number=3; maggioli_council_candidate_number=24
comunali_lamezia_2025_list_per_vivere_bene_candidate_ammendola_claudia,comunali_lamezia_2025,comunali_lamezia_2025_list_per_vivere_bene,AMMENDOLA CLAUDIA,AMMENDOLA CLAUDIA,maggioli_2025_preferences_section_l04_xml,maggioli_list_number=4; maggioli_council_candidate_number=1
comunali_lamezia_2025_list_per_vivere_bene_candidate_ammendola_vincenzo,comunali_lamezia_2025,comunali_lamezia_2025_list_per_vivere_bene,AMMENDOLA VINCENZO,AMMENDOLA VINCENZO,maggioli_2025_preferences_section_l04_xml,maggioli_list_number=4; maggioli_council_candidate_number=2
comunali_lamezia_2025_list_per_vivere_bene_candidate_bartuccio_martina,comunali_lamezia_2025,comunali_lamezia_2025_list_per_vivere_bene,BARTUCCIO MARTINA,BARTUCCIO MARTINA,maggioli_2025_preferences_section_l04_xml,maggioli_list_number=4; maggioli_council_candidate_number=3
comunali_lamezia_2025_list_per_vivere_bene_candidate_carere_carlo,comunali_lamezia_2025,comunali_lamezia_2025_list_per_vivere_bene,CARERE CARLO,CARERE CARLO,maggioli_2025_preferences_section_l04_xml,maggioli_list_number=4; maggioli_council_candidate_number=4
comunali_lamezia_2025_list_per_vivere_bene_candidate_cavaliere_claudio,comunali_lamezia_2025,comunali_lamezia_2025_list_per_vivere_bene,CAVALIERE CLAUDIO,CAVALIERE CLAUDIO,maggioli_2025_preferences_section_l04_xml,maggioli_list_number=4; maggioli_council_candidate_number=5
comunali_lamezia_2025_list_per_vivere_bene_candidate_cerra_antonio,comunali_lamezia_2025,comunali_lamezia_2025_list_per_vivere_bene,CERRA ANTONIO,CERRA ANTONIO,maggioli_2025_preferences_section_l04_xml,maggioli_list_number=4; maggioli_council_candidate_number=6
comunali_lamezia_2025_list_per_vivere_bene_candidate_cittadino_debora,comunali_lamezia_2025,comunali_lamezia_2025_list_per_vivere_bene,CITTADINO DEBORA,CITTADINO DEBORA,maggioli_2025_preferences_section_l04_xml,maggioli_list_number=4; maggioli_council_candidate_number=7
comunali_lamezia_2025_list_per_vivere_bene_candidate_cozzitorto_tommaso,comunali_lamezia_2025,comunali_lamezia_2025_list_per_vivere_bene,COZZITORTO TOMMASO,COZZITORTO TOMMASO,maggioli_2025_preferences_section_l04_xml,maggioli_list_number=4; maggioli_council_candidate_number=8
comunali_lamezia_2025_list_per_vivere_bene_candidate_cristiano_vincenzo,comunali_lamezia_2025,comunali_lamezia_2025_list_per_vivere_bene,CRISTIANO VINCENZO,CRISTIANO VINCENZO,maggioli_2025_preferences_section_l04_xml,maggioli_list_number=4; maggioli_council_candidate_number=9
comunali_lamezia_2025_list_per_vivere_bene_candidate_d_agostino_rita,comunali_lamezia_2025,comunali_lamezia_2025_list_per_vivere_bene,D'AGOSTINO RITA,D'AGOSTINO RITA,maggioli_2025_preferences_section_l04_xml,maggioli_list_number=4; maggioli_council_candidate_number=10
comunali_lamezia_2025_list_per_vivere_bene_candidate_dastoli_piera,comunali_lamezia_2025,comunali_lamezia_2025_list_per_vivere_bene,DASTOLI PIERA,DASTOLI PIERA,maggioli_2025_preferences_section_l04_xml,maggioli_list_number=4; maggioli_council_candidate_number=11
comunali_lamezia_2025_list_per_vivere_bene_candidate_de_biase_francesco,comunali_lamezia_2025,comunali_lamezia_2025_list_per_vivere_bene,DE BIASE FRANCESCO,DE BIASE FRANCESCO,maggioli_2025_preferences_section_l04_xml,maggioli_list_number=4; maggioli_council_candidate_number=12
comunali_lamezia_2025_list_per_vivere_bene_candidate_gaetano_alessia,comunali_lamezia_2025,comunali_lamezia_2025_list_per_vivere_bene,GAETANO ALESSIA,GAETANO ALESSIA,maggioli_2025_preferences_section_l04_xml,maggioli_list_number=4; maggioli_council_candidate_number=13
comunali_lamezia_2025_list_per_vivere_bene_candidate_lucchino_annamaria,comunali_lamezia_2025,comunali_lamezia_2025_list_per_vivere_bene,LUCCHINO ANNAMARIA,LUCCHINO ANNAMARIA,maggioli_2025_preferences_section_l04_xml,maggioli_list_number=4; maggioli_council_candidate_number=14
comunali_lamezia_2025_list_per_vivere_bene_candidate_mancini_claudia,comunali_lamezia_2025,comunali_lamezia_2025_list_per_vivere_bene,MANCINI CLAUDIA,MANCINI CLAUDIA,maggioli_2025_preferences_section_l04_xml,maggioli_list_number=4; maggioli_council_candidate_number=15
comunali_lamezia_2025_list_per_vivere_bene_candidate_mazza_serena_paola,comunali_lamezia_2025,comunali_lamezia_2025_list_per_vivere_bene,MAZZA SERENA PAOLA,MAZZA SERENA PAOLA,maggioli_2025_preferences_section_l04_xml,maggioli_list_number=4; maggioli_council_candidate_number=16
comunali_lamezia_2025_list_per_vivere_bene_candidate_mazzei_alfonso,comunali_lamezia_2025,comunali_lamezia_2025_list_per_vivere_bene,MAZZEI ALFONSO,MAZZEI ALFONSO,maggioli_2025_preferences_section_l04_xml,maggioli_list_number=4; maggioli_council_candidate_number=17
comunali_lamezia_2025_list_per_vivere_bene_candidate_palazzo_vincenzo,comunali_lamezia_2025,comunali_lamezia_2025_list_per_vivere_bene,PALAZZO VINCENZO,PALAZZO VINCENZO,maggioli_2025_preferences_section_l04_xml,maggioli_list_number=4; maggioli_council_candidate_number=18
comunali_lamezia_2025_list_per_vivere_bene_candidate_panedigrano_carmela,comunali_lamezia_2025,comunali_lamezia_2025_list_per_vivere_bene,PANEDIGRANO CARMELA,PANEDIGRANO CARMELA,maggioli_2025_preferences_section_l04_xml,maggioli_list_number=4; maggioli_council_candidate_number=19
comunali_lamezia_2025_list_per_vivere_bene_candidate_scaramuzzino_mariannina,comunali_lamezia_2025,comunali_lamezia_2025_list_per_vivere_bene,SCARAMUZZINO MARIANNINA,SCARAMUZZINO MARIANNINA,maggioli_2025_preferences_section_l04_xml,maggioli_list_number=4; maggioli_council_candidate_number=20
comunali_lamezia_2025_list_per_vivere_bene_candidate_serratore_bernadette,comunali_lamezia_2025,comunali_lamezia_2025_list_per_vivere_bene,SERRATORE BERNADETTE,SERRATORE BERNADETTE,maggioli_2025_preferences_section_l04_xml,maggioli_list_number=4; maggioli_council_candidate_number=21
comunali_lamezia_2025_list_per_vivere_bene_candidate_sprauer_calina_irene,comunali_lamezia_2025,comunali_lamezia_2025_list_per_vivere_bene,SPRAUER CALINA IRENE,SPRAUER CALINA IRENE,maggioli_2025_preferences_section_l04_xml,maggioli_list_number=4; maggioli_council_candidate_number=22
comunali_lamezia_2025_list_per_vivere_bene_candidate_visciglia_vincenzo,comunali_lamezia_2025,comunali_lamezia_2025_list_per_vivere_bene,VISCIGLIA VINCENZO,VISCIGLIA VINCENZO,maggioli_2025_preferences_section_l04_xml,maggioli_list_number=4; maggioli_council_candidate_number=23
comunali_lamezia_2025_list_per_vivere_bene_candidate_zaffina_renato,comunali_lamezia_2025,comunali_lamezia_2025_list_per_vivere_bene,ZAFFINA RENATO,ZAFFINA RENATO,maggioli_2025_preferences_section_l04_xml,maggioli_list_number=4; maggioli_council_candidate_number=24
comunali_lamezia_2025_list_era_ora_candidate_arcieri_francesca,comunali_lamezia_2025,comunali_lamezia_2025_list_era_ora,ARCIERI FRANCESCA,ARCIERI FRANCESCA,maggioli_2025_preferences_section_l05_xml,maggioli_list_number=5; maggioli_council_candidate_number=1
comunali_lamezia_2025_list_era_ora_candidate_ammendola_domenico,comunali_lamezia_2025,comunali_lamezia_2025_list_era_ora,AMMENDOLA DOMENICO,AMMENDOLA DOMENICO,maggioli_2025_preferences_section_l05_xml,maggioli_list_number=5; maggioli_council_candidate_number=2
comunali_lamezia_2025_list_era_ora_candidate_bevacqua_felicia,comunali_lamezia_2025,comunali_lamezia_2025_list_era_ora,BEVACQUA FELICIA,BEVACQUA FELICIA,maggioli_2025_preferences_section_l05_xml,maggioli_list_number=5; maggioli_council_candidate_number=3
comunali_lamezia_2025_list_era_ora_candidate_cerminara_luana_maria,comunali_lamezia_2025,comunali_lamezia_2025_list_era_ora,CERMINARA LUANA MARIA,CERMINARA LUANA MARIA,maggioli_2025_preferences_section_l05_xml,maggioli_list_number=5; maggioli_council_candidate_number=4
comunali_lamezia_2025_list_era_ora_candidate_fazio_eleonora,comunali_lamezia_2025,comunali_lamezia_2025_list_era_ora,FAZIO ELEONORA,FAZIO ELEONORA,maggioli_2025_preferences_section_l05_xml,maggioli_list_number=5; maggioli_council_candidate_number=5
comunali_lamezia_2025_list_era_ora_candidate_fazio_felice,comunali_lamezia_2025,comunali_lamezia_2025_list_era_ora,FAZIO FELICE,FAZIO FELICE,maggioli_2025_preferences_section_l05_xml,maggioli_list_number=5; maggioli_council_candidate_number=6
comunali_lamezia_2025_list_era_ora_candidate_iuliano_sandra,comunali_lamezia_2025,comunali_lamezia_2025_list_era_ora,IULIANO SANDRA,IULIANO SANDRA,maggioli_2025_preferences_section_l05_xml,maggioli_list_number=5; maggioli_council_candidate_number=7
comunali_lamezia_2025_list_era_ora_candidate_isabella_vittorio,comunali_lamezia_2025,comunali_lamezia_2025_list_era_ora,ISABELLA VITTORIO,ISABELLA VITTORIO,maggioli_2025_preferences_section_l05_xml,maggioli_list_number=5; maggioli_council_candidate_number=8
comunali_lamezia_2025_list_era_ora_candidate_mascaro_siliana,comunali_lamezia_2025,comunali_lamezia_2025_list_era_ora,MASCARO SILIANA,MASCARO SILIANA,maggioli_2025_preferences_section_l05_xml,maggioli_list_number=5; maggioli_council_candidate_number=9
comunali_lamezia_2025_list_era_ora_candidate_mercuri_raffaella,comunali_lamezia_2025,comunali_lamezia_2025_list_era_ora,MERCURI RAFFAELLA,MERCURI RAFFAELLA,maggioli_2025_preferences_section_l05_xml,maggioli_list_number=5; maggioli_council_candidate_number=10
comunali_lamezia_2025_list_era_ora_candidate_nicotera_antonio,comunali_lamezia_2025,comunali_lamezia_2025_list_era_ora,NICOTERA ANTONIO,NICOTERA ANTONIO,maggioli_2025_preferences_section_l05_xml,maggioli_list_number=5; maggioli_council_candidate_number=11
comunali_lamezia_2025_list_era_ora_candidate_cimino_luisa,comunali_lamezia_2025,comunali_lamezia_2025_list_era_ora,CIMINO LUISA,CIMINO LUISA,maggioli_2025_preferences_section_l05_xml,maggioli_list_number=5; maggioli_council_candidate_number=12
comunali_lamezia_2025_list_era_ora_candidate_iannazzo_nadia,comunali_lamezia_2025,comunali_lamezia_2025_list_era_ora,IANNAZZO NADIA,IANNAZZO NADIA,maggioli_2025_preferences_section_l05_xml,maggioli_list_number=5; maggioli_council_candidate_number=13
comunali_lamezia_2025_list_era_ora_candidate_notaris_raffaele,comunali_lamezia_2025,comunali_lamezia_2025_list_era_ora,NOTARIS RAFFAELE,NOTARIS RAFFAELE,maggioli_2025_preferences_section_l05_xml,maggioli_list_number=5; maggioli_council_candidate_number=14
comunali_lamezia_2025_list_era_ora_candidate_vescio_giovannino,comunali_lamezia_2025,comunali_lamezia_2025_list_era_ora,VESCIO GIOVANNINO,VESCIO GIOVANNINO,maggioli_2025_preferences_section_l05_xml,maggioli_list_number=5; maggioli_council_candidate_number=15
comunali_lamezia_2025_list_era_ora_candidate_mastroianni_pio_costantino,comunali_lamezia_2025,comunali_lamezia_2025_list_era_ora,MASTROIANNI PIO COSTANTINO,MASTROIANNI PIO COSTANTINO,maggioli_2025_preferences_section_l05_xml,maggioli_list_number=5; maggioli_council_candidate_number=16
comunali_lamezia_2025_list_era_ora_candidate_de_serio_armando,comunali_lamezia_2025,comunali_lamezia_2025_list_era_ora,DE SERIO ARMANDO,DE SERIO ARMANDO,maggioli_2025_preferences_section_l05_xml,maggioli_list_number=5; maggioli_council_candidate_number=17
comunali_lamezia_2025_list_era_ora_candidate_cittadino_lucia_alessandra,comunali_lamezia_2025,comunali_lamezia_2025_list_era_ora,CITTADINO LUCIA ALESSANDRA,CITTADINO LUCIA ALESSANDRA,maggioli_2025_preferences_section_l05_xml,maggioli_list_number=5; maggioli_council_candidate_number=18
comunali_lamezia_2025_list_era_ora_candidate_grandinetti_antonio,comunali_lamezia_2025,comunali_lamezia_2025_list_era_ora,GRANDINETTI ANTONIO,GRANDINETTI ANTONIO,maggioli_2025_preferences_section_l05_xml,maggioli_list_number=5; maggioli_council_candidate_number=19
comunali_lamezia_2025_list_era_ora_candidate_stranieri_ennio,comunali_lamezia_2025,comunali_lamezia_2025_list_era_ora,STRANIERI ENNIO,STRANIERI ENNIO,maggioli_2025_preferences_section_l05_xml,maggioli_list_number=5; maggioli_council_candidate_number=20
comunali_lamezia_2025_list_era_ora_candidate_tarzia_roberto,comunali_lamezia_2025,comunali_lamezia_2025_list_era_ora,TARZIA ROBERTO,TARZIA ROBERTO,maggioli_2025_preferences_section_l05_xml,maggioli_list_number=5; maggioli_council_candidate_number=21
comunali_lamezia_2025_list_era_ora_candidate_mascaro_maurizio,comunali_lamezia_2025,comunali_lamezia_2025_list_era_ora,MASCARO MAURIZIO,MASCARO MAURIZIO,maggioli_2025_preferences_section_l05_xml,maggioli_list_number=5; maggioli_council_candidate_number=22
comunali_lamezia_2025_list_era_ora_candidate_nicotera_giuseppe_tommaso,comunali_lamezia_2025,comunali_lamezia_2025_list_era_ora,NICOTERA GIUSEPPE TOMMASO,NICOTERA GIUSEPPE TOMMASO,maggioli_2025_preferences_section_l05_xml,maggioli_list_number=5; maggioli_council_candidate_number=23
comunali_lamezia_2025_list_era_ora_candidate_mohammed_mohi_uddin,comunali_lamezia_2025,comunali_lamezia_2025_list_era_ora,MOHAMMED MOHI UDDIN,MOHAMMED MOHI UDDIN,maggioli_2025_preferences_section_l05_xml,maggioli_list_number=5; maggioli_council_candidate_number=24
comunali_lamezia_2025_list_gianpaolo_bevilacqua_sindaco_del_popolo_candidate_aloisio_ottavio,comunali_lamezia_2025,comunali_lamezia_2025_list_gianpaolo_bevilacqua_sindaco_del_popolo,ALOISIO OTTAVIO,ALOISIO OTTAVIO,maggioli_2025_preferences_section_l06_xml,maggioli_list_number=6; maggioli_council_candidate_number=1
comunali_lamezia_2025_list_gianpaolo_bevilacqua_sindaco_del_popolo_candidate_balsamo_girolamo,comunali_lamezia_2025,comunali_lamezia_2025_list_gianpaolo_bevilacqua_sindaco_del_popolo,BALSAMO GIROLAMO,BALSAMO GIROLAMO,maggioli_2025_preferences_section_l06_xml,maggioli_list_number=6; maggioli_council_candidate_number=2
comunali_lamezia_2025_list_gianpaolo_bevilacqua_sindaco_del_popolo_candidate_branca_oscar,comunali_lamezia_2025,comunali_lamezia_2025_list_gianpaolo_bevilacqua_sindaco_del_popolo,BRANCA OSCAR,BRANCA OSCAR,maggioli_2025_preferences_section_l06_xml,maggioli_list_number=6; maggioli_council_candidate_number=3
comunali_lamezia_2025_list_gianpaolo_bevilacqua_sindaco_del_popolo_candidate_cavaliere_antonio,comunali_lamezia_2025,comunali_lamezia_2025_list_gianpaolo_bevilacqua_sindaco_del_popolo,CAVALIERE ANTONIO,CAVALIERE ANTONIO,maggioli_2025_preferences_section_l06_xml,maggioli_list_number=6; maggioli_council_candidate_number=4
comunali_lamezia_2025_list_gianpaolo_bevilacqua_sindaco_del_popolo_candidate_costanzo_giuseppe,comunali_lamezia_2025,comunali_lamezia_2025_list_gianpaolo_bevilacqua_sindaco_del_popolo,COSTANZO GIUSEPPE,COSTANZO GIUSEPPE,maggioli_2025_preferences_section_l06_xml,maggioli_list_number=6; maggioli_council_candidate_number=5
comunali_lamezia_2025_list_gianpaolo_bevilacqua_sindaco_del_popolo_candidate_de_ponto_antonio,comunali_lamezia_2025,comunali_lamezia_2025_list_gianpaolo_bevilacqua_sindaco_del_popolo,DE PONTO ANTONIO,DE PONTO ANTONIO,maggioli_2025_preferences_section_l06_xml,maggioli_list_number=6; maggioli_council_candidate_number=6
comunali_lamezia_2025_list_gianpaolo_bevilacqua_sindaco_del_popolo_candidate_del_gaiso_salvatore_detto_gino,comunali_lamezia_2025,comunali_lamezia_2025_list_gianpaolo_bevilacqua_sindaco_del_popolo,DEL GAISO SALVATORE detto GINO,DEL GAISO SALVATORE DETTO GINO,maggioli_2025_preferences_section_l06_xml,maggioli_list_number=6; maggioli_council_candidate_number=7
comunali_lamezia_2025_list_gianpaolo_bevilacqua_sindaco_del_popolo_candidate_esposito_gianpiero,comunali_lamezia_2025,comunali_lamezia_2025_list_gianpaolo_bevilacqua_sindaco_del_popolo,ESPOSITO GIANPIERO,ESPOSITO GIANPIERO,maggioli_2025_preferences_section_l06_xml,maggioli_list_number=6; maggioli_council_candidate_number=8
comunali_lamezia_2025_list_gianpaolo_bevilacqua_sindaco_del_popolo_candidate_falvo_michele,comunali_lamezia_2025,comunali_lamezia_2025_list_gianpaolo_bevilacqua_sindaco_del_popolo,FALVO MICHELE,FALVO MICHELE,maggioli_2025_preferences_section_l06_xml,maggioli_list_number=6; maggioli_council_candidate_number=9
comunali_lamezia_2025_list_gianpaolo_bevilacqua_sindaco_del_popolo_candidate_fazio_monica,comunali_lamezia_2025,comunali_lamezia_2025_list_gianpaolo_bevilacqua_sindaco_del_popolo,FAZIO MONICA,FAZIO MONICA,maggioli_2025_preferences_section_l06_xml,maggioli_list_number=6; maggioli_council_candidate_number=10
comunali_lamezia_2025_list_gianpaolo_bevilacqua_sindaco_del_popolo_candidate_mammoliti_giulio_vincenzo,comunali_lamezia_2025,comunali_lamezia_2025_list_gianpaolo_bevilacqua_sindaco_del_popolo,MAMMOLITI GIULIO VINCENZO,MAMMOLITI GIULIO VINCENZO,maggioli_2025_preferences_section_l06_xml,maggioli_list_number=6; maggioli_council_candidate_number=11
comunali_lamezia_2025_list_gianpaolo_bevilacqua_sindaco_del_popolo_candidate_manfredi_giuseppe,comunali_lamezia_2025,comunali_lamezia_2025_list_gianpaolo_bevilacqua_sindaco_del_popolo,MANFREDI GIUSEPPE,MANFREDI GIUSEPPE,maggioli_2025_preferences_section_l06_xml,maggioli_list_number=6; maggioli_council_candidate_number=12
comunali_lamezia_2025_list_gianpaolo_bevilacqua_sindaco_del_popolo_candidate_marinaro_maria,comunali_lamezia_2025,comunali_lamezia_2025_list_gianpaolo_bevilacqua_sindaco_del_popolo,MARINARO MARIA,MARINARO MARIA,maggioli_2025_preferences_section_l06_xml,maggioli_list_number=6; maggioli_council_candidate_number=13
comunali_lamezia_2025_list_gianpaolo_bevilacqua_sindaco_del_popolo_candidate_mascaro_simona,comunali_lamezia_2025,comunali_lamezia_2025_list_gianpaolo_bevilacqua_sindaco_del_popolo,MASCARO SIMONA,MASCARO SIMONA,maggioli_2025_preferences_section_l06_xml,maggioli_list_number=6; maggioli_council_candidate_number=14
comunali_lamezia_2025_list_gianpaolo_bevilacqua_sindaco_del_popolo_candidate_mercuri_luciano,comunali_lamezia_2025,comunali_lamezia_2025_list_gianpaolo_bevilacqua_sindaco_del_popolo,MERCURI LUCIANO,MERCURI LUCIANO,maggioli_2025_preferences_section_l06_xml,maggioli_list_number=6; maggioli_council_candidate_number=15
comunali_lamezia_2025_list_gianpaolo_bevilacqua_sindaco_del_popolo_candidate_muraca_carmelina_isa,comunali_lamezia_2025,comunali_lamezia_2025_list_gianpaolo_bevilacqua_sindaco_del_popolo,MURACA CARMELINA ISA,MURACA CARMELINA ISA,maggioli_2025_preferences_section_l06_xml,maggioli_list_number=6; maggioli_council_candidate_number=16
comunali_lamezia_2025_list_gianpaolo_bevilacqua_sindaco_del_popolo_candidate_orlando_giorgia,comunali_lamezia_2025,comunali_lamezia_2025_list_gianpaolo_bevilacqua_sindaco_del_popolo,ORLANDO GIORGIA,ORLANDO GIORGIA,maggioli_2025_preferences_section_l06_xml,maggioli_list_number=6; maggioli_council_candidate_number=17
comunali_lamezia_2025_list_gianpaolo_bevilacqua_sindaco_del_popolo_candidate_pagliaro_alessandra,comunali_lamezia_2025,comunali_lamezia_2025_list_gianpaolo_bevilacqua_sindaco_del_popolo,PAGLIARO ALESSANDRA,PAGLIARO ALESSANDRA,maggioli_2025_preferences_section_l06_xml,maggioli_list_number=6; maggioli_council_candidate_number=18
comunali_lamezia_2025_list_gianpaolo_bevilacqua_sindaco_del_popolo_candidate_raso_marialucia,comunali_lamezia_2025,comunali_lamezia_2025_list_gianpaolo_bevilacqua_sindaco_del_popolo,RASO MARIALUCIA,RASO MARIALUCIA,maggioli_2025_preferences_section_l06_xml,maggioli_list_number=6; maggioli_council_candidate_number=19
comunali_lamezia_2025_list_gianpaolo_bevilacqua_sindaco_del_popolo_candidate_rizzo_danilo,comunali_lamezia_2025,comunali_lamezia_2025_list_gianpaolo_bevilacqua_sindaco_del_popolo,RIZZO DANILO,RIZZO DANILO,maggioli_2025_preferences_section_l06_xml,maggioli_list_number=6; maggioli_council_candidate_number=20
comunali_lamezia_2025_list_gianpaolo_bevilacqua_sindaco_del_popolo_candidate_talarico_antonio_maria,comunali_lamezia_2025,comunali_lamezia_2025_list_gianpaolo_bevilacqua_sindaco_del_popolo,TALARICO ANTONIO MARIA,TALARICO ANTONIO MARIA,maggioli_2025_preferences_section_l06_xml,maggioli_list_number=6; maggioli_council_candidate_number=21
comunali_lamezia_2025_list_gianpaolo_bevilacqua_sindaco_del_popolo_candidate_ventura_lino,comunali_lamezia_2025,comunali_lamezia_2025_list_gianpaolo_bevilacqua_sindaco_del_popolo,VENTURA LINO,VENTURA LINO,maggioli_2025_preferences_section_l06_xml,maggioli_list_number=6; maggioli_council_candidate_number=22
comunali_lamezia_2025_list_gianpaolo_bevilacqua_sindaco_del_popolo_candidate_villella_felicia,comunali_lamezia_2025,comunali_lamezia_2025_list_gianpaolo_bevilacqua_sindaco_del_popolo,VILLELLA FELICIA,VILLELLA FELICIA,maggioli_2025_preferences_section_l06_xml,maggioli_list_number=6; maggioli_council_candidate_number=23
comunali_lamezia_2025_list_gianpaolo_bevilacqua_sindaco_del_popolo_candidate_viola_antonello,comunali_lamezia_2025,comunali_lamezia_2025_list_gianpaolo_bevilacqua_sindaco_del_popolo,VIOLA ANTONELLO,VIOLA ANTONELLO,maggioli_2025_preferences_section_l06_xml,maggioli_list_number=6; maggioli_council_candidate_number=24
comunali_lamezia_2025_list_l_italia_del_meridione_lamezia_nel_cuore_candidate_accordino_salvatore,comunali_lamezia_2025,comunali_lamezia_2025_list_l_italia_del_meridione_lamezia_nel_cuore,ACCORDINO SALVATORE,ACCORDINO SALVATORE,maggioli_2025_preferences_section_l07_xml,maggioli_list_number=7; maggioli_council_candidate_number=1
comunali_lamezia_2025_list_l_italia_del_meridione_lamezia_nel_cuore_candidate_alvino_salvatore,comunali_lamezia_2025,comunali_lamezia_2025_list_l_italia_del_meridione_lamezia_nel_cuore,ALVINO SALVATORE,ALVINO SALVATORE,maggioli_2025_preferences_section_l07_xml,maggioli_list_number=7; maggioli_council_candidate_number=2
comunali_lamezia_2025_list_l_italia_del_meridione_lamezia_nel_cuore_candidate_chirumbolo_pasquale,comunali_lamezia_2025,comunali_lamezia_2025_list_l_italia_del_meridione_lamezia_nel_cuore,CHIRUMBOLO PASQUALE,CHIRUMBOLO PASQUALE,maggioli_2025_preferences_section_l07_xml,maggioli_list_number=7; maggioli_council_candidate_number=3
comunali_lamezia_2025_list_l_italia_del_meridione_lamezia_nel_cuore_candidate_cimino_carmelina,comunali_lamezia_2025,comunali_lamezia_2025_list_l_italia_del_meridione_lamezia_nel_cuore,CIMINO CARMELINA,CIMINO CARMELINA,maggioli_2025_preferences_section_l07_xml,maggioli_list_number=7; maggioli_council_candidate_number=4
comunali_lamezia_2025_list_l_italia_del_meridione_lamezia_nel_cuore_candidate_fazio_antonella,comunali_lamezia_2025,comunali_lamezia_2025_list_l_italia_del_meridione_lamezia_nel_cuore,FAZIO ANTONELLA,FAZIO ANTONELLA,maggioli_2025_preferences_section_l07_xml,maggioli_list_number=7; maggioli_council_candidate_number=5
comunali_lamezia_2025_list_l_italia_del_meridione_lamezia_nel_cuore_candidate_fazio_rosario,comunali_lamezia_2025,comunali_lamezia_2025_list_l_italia_del_meridione_lamezia_nel_cuore,FAZIO ROSARIO,FAZIO ROSARIO,maggioli_2025_preferences_section_l07_xml,maggioli_list_number=7; maggioli_council_candidate_number=6
comunali_lamezia_2025_list_l_italia_del_meridione_lamezia_nel_cuore_candidate_longo_denise,comunali_lamezia_2025,comunali_lamezia_2025_list_l_italia_del_meridione_lamezia_nel_cuore,LONGO DENISE,LONGO DENISE,maggioli_2025_preferences_section_l07_xml,maggioli_list_number=7; maggioli_council_candidate_number=7
comunali_lamezia_2025_list_l_italia_del_meridione_lamezia_nel_cuore_candidate_muraca_michele,comunali_lamezia_2025,comunali_lamezia_2025_list_l_italia_del_meridione_lamezia_nel_cuore,MURACA MICHELE,MURACA MICHELE,maggioli_2025_preferences_section_l07_xml,maggioli_list_number=7; maggioli_council_candidate_number=8
comunali_lamezia_2025_list_l_italia_del_meridione_lamezia_nel_cuore_candidate_pulicicchio_ramona,comunali_lamezia_2025,comunali_lamezia_2025_list_l_italia_del_meridione_lamezia_nel_cuore,PULICICCHIO RAMONA,PULICICCHIO RAMONA,maggioli_2025_preferences_section_l07_xml,maggioli_list_number=7; maggioli_council_candidate_number=9
comunali_lamezia_2025_list_l_italia_del_meridione_lamezia_nel_cuore_candidate_roperto_francesco,comunali_lamezia_2025,comunali_lamezia_2025_list_l_italia_del_meridione_lamezia_nel_cuore,ROPERTO FRANCESCO,ROPERTO FRANCESCO,maggioli_2025_preferences_section_l07_xml,maggioli_list_number=7; maggioli_council_candidate_number=10
comunali_lamezia_2025_list_l_italia_del_meridione_lamezia_nel_cuore_candidate_saladino_giovanna,comunali_lamezia_2025,comunali_lamezia_2025_list_l_italia_del_meridione_lamezia_nel_cuore,SALADINO GIOVANNA,SALADINO GIOVANNA,maggioli_2025_preferences_section_l07_xml,maggioli_list_number=7; maggioli_council_candidate_number=11
comunali_lamezia_2025_list_l_italia_del_meridione_lamezia_nel_cuore_candidate_scalzo_sandrino,comunali_lamezia_2025,comunali_lamezia_2025_list_l_italia_del_meridione_lamezia_nel_cuore,SCALZO SANDRINO,SCALZO SANDRINO,maggioli_2025_preferences_section_l07_xml,maggioli_list_number=7; maggioli_council_candidate_number=12
comunali_lamezia_2025_list_l_italia_del_meridione_lamezia_nel_cuore_candidate_scarpino_francesco_antonio,comunali_lamezia_2025,comunali_lamezia_2025_list_l_italia_del_meridione_lamezia_nel_cuore,SCARPINO FRANCESCO ANTONIO,SCARPINO FRANCESCO ANTONIO,maggioli_2025_preferences_section_l07_xml,maggioli_list_number=7; maggioli_council_candidate_number=13
comunali_lamezia_2025_list_l_italia_del_meridione_lamezia_nel_cuore_candidate_spena_francesco,comunali_lamezia_2025,comunali_lamezia_2025_list_l_italia_del_meridione_lamezia_nel_cuore,SPENA FRANCESCO,SPENA FRANCESCO,maggioli_2025_preferences_section_l07_xml,maggioli_list_number=7; maggioli_council_candidate_number=14
comunali_lamezia_2025_list_l_italia_del_meridione_lamezia_nel_cuore_candidate_strangis_antonio,comunali_lamezia_2025,comunali_lamezia_2025_list_l_italia_del_meridione_lamezia_nel_cuore,STRANGIS ANTONIO,STRANGIS ANTONIO,maggioli_2025_preferences_section_l07_xml,maggioli_list_number=7; maggioli_council_candidate_number=15
comunali_lamezia_2025_list_l_italia_del_meridione_lamezia_nel_cuore_candidate_strangis_sendy,comunali_lamezia_2025,comunali_lamezia_2025_list_l_italia_del_meridione_lamezia_nel_cuore,STRANGIS SENDY,STRANGIS SENDY,maggioli_2025_preferences_section_l07_xml,maggioli_list_number=7; maggioli_council_candidate_number=16
comunali_lamezia_2025_list_l_italia_del_meridione_lamezia_nel_cuore_candidate_talarico_gian_carlo,comunali_lamezia_2025,comunali_lamezia_2025_list_l_italia_del_meridione_lamezia_nel_cuore,TALARICO GIAN-CARLO,TALARICO GIAN-CARLO,maggioli_2025_preferences_section_l07_xml,maggioli_list_number=7; maggioli_council_candidate_number=17
comunali_lamezia_2025_list_l_italia_del_meridione_lamezia_nel_cuore_candidate_torchia_giuseppe,comunali_lamezia_2025,comunali_lamezia_2025_list_l_italia_del_meridione_lamezia_nel_cuore,TORCHIA GIUSEPPE,TORCHIA GIUSEPPE,maggioli_2025_preferences_section_l07_xml,maggioli_list_number=7; maggioli_council_candidate_number=18
comunali_lamezia_2025_list_l_italia_del_meridione_lamezia_nel_cuore_candidate_tropea_mariafelicia,comunali_lamezia_2025,comunali_lamezia_2025_list_l_italia_del_meridione_lamezia_nel_cuore,TROPEA MARIAFELICIA,TROPEA MARIAFELICIA,maggioli_2025_preferences_section_l07_xml,maggioli_list_number=7; maggioli_council_candidate_number=19
comunali_lamezia_2025_list_l_italia_del_meridione_lamezia_nel_cuore_candidate_vaccaro_antonio,comunali_lamezia_2025,comunali_lamezia_2025_list_l_italia_del_meridione_lamezia_nel_cuore,VACCARO ANTONIO,VACCARO ANTONIO,maggioli_2025_preferences_section_l07_xml,maggioli_list_number=7; maggioli_council_candidate_number=20
comunali_lamezia_2025_list_l_italia_del_meridione_lamezia_nel_cuore_candidate_vescio_francesco,comunali_lamezia_2025,comunali_lamezia_2025_list_l_italia_del_meridione_lamezia_nel_cuore,VESCIO FRANCESCO,VESCIO FRANCESCO,maggioli_2025_preferences_section_l07_xml,maggioli_list_number=7; maggioli_council_candidate_number=21
comunali_lamezia_2025_list_movimento_indipendenza_candidate_d_alessi_antonio,comunali_lamezia_2025,comunali_lamezia_2025_list_movimento_indipendenza,D'ALESSI ANTONIO,D'ALESSI ANTONIO,maggioli_2025_preferences_section_l08_xml,maggioli_list_number=8; maggioli_council_candidate_number=1
comunali_lamezia_2025_list_movimento_indipendenza_candidate_alibrandi_bartolomeo,comunali_lamezia_2025,comunali_lamezia_2025_list_movimento_indipendenza,ALIBRANDI BARTOLOMEO,ALIBRANDI BARTOLOMEO,maggioli_2025_preferences_section_l08_xml,maggioli_list_number=8; maggioli_council_candidate_number=2
comunali_lamezia_2025_list_movimento_indipendenza_candidate_bruni_gaia_maria,comunali_lamezia_2025,comunali_lamezia_2025_list_movimento_indipendenza,BRUNI GAIA MARIA,BRUNI GAIA MARIA,maggioli_2025_preferences_section_l08_xml,maggioli_list_number=8; maggioli_council_candidate_number=3
comunali_lamezia_2025_list_movimento_indipendenza_candidate_buonocore_marco,comunali_lamezia_2025,comunali_lamezia_2025_list_movimento_indipendenza,BUONOCORE MARCO,BUONOCORE MARCO,maggioli_2025_preferences_section_l08_xml,maggioli_list_number=8; maggioli_council_candidate_number=4
comunali_lamezia_2025_list_movimento_indipendenza_candidate_buccafuri_vincenzo,comunali_lamezia_2025,comunali_lamezia_2025_list_movimento_indipendenza,BUCCAFURI VINCENZO,BUCCAFURI VINCENZO,maggioli_2025_preferences_section_l08_xml,maggioli_list_number=8; maggioli_council_candidate_number=5
comunali_lamezia_2025_list_movimento_indipendenza_candidate_comito_pietro,comunali_lamezia_2025,comunali_lamezia_2025_list_movimento_indipendenza,COMITO PIETRO,COMITO PIETRO,maggioli_2025_preferences_section_l08_xml,maggioli_list_number=8; maggioli_council_candidate_number=6
comunali_lamezia_2025_list_movimento_indipendenza_candidate_costantino_camillo,comunali_lamezia_2025,comunali_lamezia_2025_list_movimento_indipendenza,COSTANTINO CAMILLO,COSTANTINO CAMILLO,maggioli_2025_preferences_section_l08_xml,maggioli_list_number=8; maggioli_council_candidate_number=7
comunali_lamezia_2025_list_movimento_indipendenza_candidate_de_medici_lorenzo,comunali_lamezia_2025,comunali_lamezia_2025_list_movimento_indipendenza,DE' MEDICI LORENZO,DE' MEDICI LORENZO,maggioli_2025_preferences_section_l08_xml,maggioli_list_number=8; maggioli_council_candidate_number=8
comunali_lamezia_2025_list_movimento_indipendenza_candidate_de_salvo_roberto_detto_salvo,comunali_lamezia_2025,comunali_lamezia_2025_list_movimento_indipendenza,DE SALVO ROBERTO detto SALVO,DE SALVO ROBERTO DETTO SALVO,maggioli_2025_preferences_section_l08_xml,maggioli_list_number=8; maggioli_council_candidate_number=9
comunali_lamezia_2025_list_movimento_indipendenza_candidate_lo_gatto_giovanna,comunali_lamezia_2025,comunali_lamezia_2025_list_movimento_indipendenza,LO GATTO GIOVANNA,LO GATTO GIOVANNA,maggioli_2025_preferences_section_l08_xml,maggioli_list_number=8; maggioli_council_candidate_number=10
comunali_lamezia_2025_list_movimento_indipendenza_candidate_lopez_antonio,comunali_lamezia_2025,comunali_lamezia_2025_list_movimento_indipendenza,LOPEZ ANTONIO,LOPEZ ANTONIO,maggioli_2025_preferences_section_l08_xml,maggioli_list_number=8; maggioli_council_candidate_number=11
comunali_lamezia_2025_list_movimento_indipendenza_candidate_mastroianni_michel_detto_mastroianni,comunali_lamezia_2025,comunali_lamezia_2025_list_movimento_indipendenza,MASTROIANNI MICHEL detto MASTROIANNI,MASTROIANNI MICHEL DETTO MASTROIANNI,maggioli_2025_preferences_section_l08_xml,maggioli_list_number=8; maggioli_council_candidate_number=12
comunali_lamezia_2025_list_movimento_indipendenza_candidate_mastroianni_valeria_detta_valeria,comunali_lamezia_2025,comunali_lamezia_2025_list_movimento_indipendenza,MASTROIANNI VALERIA detta VALERIA,MASTROIANNI VALERIA DETTA VALERIA,maggioli_2025_preferences_section_l08_xml,maggioli_list_number=8; maggioli_council_candidate_number=13
comunali_lamezia_2025_list_movimento_indipendenza_candidate_mondello_emanuela,comunali_lamezia_2025,comunali_lamezia_2025_list_movimento_indipendenza,MONDELLO EMANUELA,MONDELLO EMANUELA,maggioli_2025_preferences_section_l08_xml,maggioli_list_number=8; maggioli_council_candidate_number=14
comunali_lamezia_2025_list_movimento_indipendenza_candidate_pesce_anna,comunali_lamezia_2025,comunali_lamezia_2025_list_movimento_indipendenza,PESCE ANNA,PESCE ANNA,maggioli_2025_preferences_section_l08_xml,maggioli_list_number=8; maggioli_council_candidate_number=15
comunali_lamezia_2025_list_movimento_indipendenza_candidate_pullia_franca_maria,comunali_lamezia_2025,comunali_lamezia_2025_list_movimento_indipendenza,PULLIA FRANCA MARIA,PULLIA FRANCA MARIA,maggioli_2025_preferences_section_l08_xml,maggioli_list_number=8; maggioli_council_candidate_number=16
comunali_lamezia_2025_list_movimento_indipendenza_candidate_spinelli_tommaso,comunali_lamezia_2025,comunali_lamezia_2025_list_movimento_indipendenza,SPINELLI TOMMASO,SPINELLI TOMMASO,maggioli_2025_preferences_section_l08_xml,maggioli_list_number=8; maggioli_council_candidate_number=17
comunali_lamezia_2025_list_movimento_indipendenza_candidate_stella_antonio,comunali_lamezia_2025,comunali_lamezia_2025_list_movimento_indipendenza,STELLA ANTONIO,STELLA ANTONIO,maggioli_2025_preferences_section_l08_xml,maggioli_list_number=8; maggioli_council_candidate_number=18
comunali_lamezia_2025_list_movimento_indipendenza_candidate_trovato_alessandro,comunali_lamezia_2025,comunali_lamezia_2025_list_movimento_indipendenza,TROVATO ALESSANDRO,TROVATO ALESSANDRO,maggioli_2025_preferences_section_l08_xml,maggioli_list_number=8; maggioli_council_candidate_number=19
comunali_lamezia_2025_list_movimento_indipendenza_candidate_ventura_pasqualina,comunali_lamezia_2025,comunali_lamezia_2025_list_movimento_indipendenza,VENTURA PASQUALINA,VENTURA PASQUALINA,maggioli_2025_preferences_section_l08_xml,maggioli_list_number=8; maggioli_council_candidate_number=20
comunali_lamezia_2025_list_movimento_indipendenza_candidate_zizza_federica,comunali_lamezia_2025,comunali_lamezia_2025_list_movimento_indipendenza,ZIZZA FEDERICA,ZIZZA FEDERICA,maggioli_2025_preferences_section_l08_xml,maggioli_list_number=8; maggioli_council_candidate_number=21
comunali_lamezia_2025_list_lamezia_domani_candidate_amendola_saverio,comunali_lamezia_2025,comunali_lamezia_2025_list_lamezia_domani,AMENDOLA SAVERIO,AMENDOLA SAVERIO,maggioli_2025_preferences_section_l09_xml,maggioli_list_number=9; maggioli_council_candidate_number=1
comunali_lamezia_2025_list_lamezia_domani_candidate_angotti_filomena,comunali_lamezia_2025,comunali_lamezia_2025_list_lamezia_domani,ANGOTTI FILOMENA,ANGOTTI FILOMENA,maggioli_2025_preferences_section_l09_xml,maggioli_list_number=9; maggioli_council_candidate_number=2
comunali_lamezia_2025_list_lamezia_domani_candidate_caruso_francesco,comunali_lamezia_2025,comunali_lamezia_2025_list_lamezia_domani,CARUSO FRANCESCO,CARUSO FRANCESCO,maggioli_2025_preferences_section_l09_xml,maggioli_list_number=9; maggioli_council_candidate_number=3
comunali_lamezia_2025_list_lamezia_domani_candidate_de_sarro_pietrina_detta_piera,comunali_lamezia_2025,comunali_lamezia_2025_list_lamezia_domani,DE SARRO PIETRINA detta PIERA,DE SARRO PIETRINA DETTA PIERA,maggioli_2025_preferences_section_l09_xml,maggioli_list_number=9; maggioli_council_candidate_number=4
comunali_lamezia_2025_list_lamezia_domani_candidate_de_sensi_maria_gabriella,comunali_lamezia_2025,comunali_lamezia_2025_list_lamezia_domani,DE SENSI MARIA GABRIELLA,DE SENSI MARIA GABRIELLA,maggioli_2025_preferences_section_l09_xml,maggioli_list_number=9; maggioli_council_candidate_number=5
comunali_lamezia_2025_list_lamezia_domani_candidate_filippone_marilena,comunali_lamezia_2025,comunali_lamezia_2025_list_lamezia_domani,FILIPPONE MARILENA,FILIPPONE MARILENA,maggioli_2025_preferences_section_l09_xml,maggioli_list_number=9; maggioli_council_candidate_number=6
comunali_lamezia_2025_list_lamezia_domani_candidate_giampa_domenico,comunali_lamezia_2025,comunali_lamezia_2025_list_lamezia_domani,GIAMPA' DOMENICO,GIAMPA' DOMENICO,maggioli_2025_preferences_section_l09_xml,maggioli_list_number=9; maggioli_council_candidate_number=7
comunali_lamezia_2025_list_lamezia_domani_candidate_gianturco_gennaro_detto_mimmo,comunali_lamezia_2025,comunali_lamezia_2025_list_lamezia_domani,GIANTURCO GENNARO detto MIMMO,GIANTURCO GENNARO DETTO MIMMO,maggioli_2025_preferences_section_l09_xml,maggioli_list_number=9; maggioli_council_candidate_number=8
comunali_lamezia_2025_list_lamezia_domani_candidate_grandinetti_morena,comunali_lamezia_2025,comunali_lamezia_2025_list_lamezia_domani,GRANDINETTI MORENA,GRANDINETTI MORENA,maggioli_2025_preferences_section_l09_xml,maggioli_list_number=9; maggioli_council_candidate_number=9
comunali_lamezia_2025_list_lamezia_domani_candidate_isabella_antonietta,comunali_lamezia_2025,comunali_lamezia_2025_list_lamezia_domani,ISABELLA ANTONIETTA,ISABELLA ANTONIETTA,maggioli_2025_preferences_section_l09_xml,maggioli_list_number=9; maggioli_council_candidate_number=10
comunali_lamezia_2025_list_lamezia_domani_candidate_lagana_emanuele,comunali_lamezia_2025,comunali_lamezia_2025_list_lamezia_domani,LAGANA' EMANUELE,LAGANA' EMANUELE,maggioli_2025_preferences_section_l09_xml,maggioli_list_number=9; maggioli_council_candidate_number=11
comunali_lamezia_2025_list_lamezia_domani_candidate_mastroianni_nicola,comunali_lamezia_2025,comunali_lamezia_2025_list_lamezia_domani,MASTROIANNI NICOLA,MASTROIANNI NICOLA,maggioli_2025_preferences_section_l09_xml,maggioli_list_number=9; maggioli_council_candidate_number=12
comunali_lamezia_2025_list_lamezia_domani_candidate_mazzeo_angelo,comunali_lamezia_2025,comunali_lamezia_2025_list_lamezia_domani,MAZZEO ANGELO,MAZZEO ANGELO,maggioli_2025_preferences_section_l09_xml,maggioli_list_number=9; maggioli_council_candidate_number=13
comunali_lamezia_2025_list_lamezia_domani_candidate_miriello_nicola_cosimo_damiano,comunali_lamezia_2025,comunali_lamezia_2025_list_lamezia_domani,MIRIELLO NICOLA COSIMO DAMIANO,MIRIELLO NICOLA COSIMO DAMIANO,maggioli_2025_preferences_section_l09_xml,maggioli_list_number=9; maggioli_council_candidate_number=14
comunali_lamezia_2025_list_lamezia_domani_candidate_palermo_francesca,comunali_lamezia_2025,comunali_lamezia_2025_list_lamezia_domani,PALERMO FRANCESCA,PALERMO FRANCESCA,maggioli_2025_preferences_section_l09_xml,maggioli_list_number=9; maggioli_council_candidate_number=15
comunali_lamezia_2025_list_lamezia_domani_candidate_posca_cristina,comunali_lamezia_2025,comunali_lamezia_2025_list_lamezia_domani,POSCA CRISTINA,POSCA CRISTINA,maggioli_2025_preferences_section_l09_xml,maggioli_list_number=9; maggioli_council_candidate_number=16
comunali_lamezia_2025_list_lamezia_domani_candidate_potente_cinzia,comunali_lamezia_2025,comunali_lamezia_2025_list_lamezia_domani,POTENTE CINZIA,POTENTE CINZIA,maggioli_2025_preferences_section_l09_xml,maggioli_list_number=9; maggioli_council_candidate_number=17
comunali_lamezia_2025_list_lamezia_domani_candidate_pulicicchio_antonio,comunali_lamezia_2025,comunali_lamezia_2025_list_lamezia_domani,PULICICCHIO ANTONIO,PULICICCHIO ANTONIO,maggioli_2025_preferences_section_l09_xml,maggioli_list_number=9; maggioli_council_candidate_number=18
comunali_lamezia_2025_list_lamezia_domani_candidate_pullia_luigi,comunali_lamezia_2025,comunali_lamezia_2025_list_lamezia_domani,PULLIA LUIGI,PULLIA LUIGI,maggioli_2025_preferences_section_l09_xml,maggioli_list_number=9; maggioli_council_candidate_number=19
comunali_lamezia_2025_list_lamezia_domani_candidate_ruberto_sabrina,comunali_lamezia_2025,comunali_lamezia_2025_list_lamezia_domani,RUBERTO SABRINA,RUBERTO SABRINA,maggioli_2025_preferences_section_l09_xml,maggioli_list_number=9; maggioli_council_candidate_number=20
comunali_lamezia_2025_list_lamezia_domani_candidate_sinopoli_pasquale,comunali_lamezia_2025,comunali_lamezia_2025_list_lamezia_domani,SINOPOLI PASQUALE,SINOPOLI PASQUALE,maggioli_2025_preferences_section_l09_xml,maggioli_list_number=9; maggioli_council_candidate_number=21
comunali_lamezia_2025_list_lamezia_domani_candidate_solla_clara,comunali_lamezia_2025,comunali_lamezia_2025_list_lamezia_domani,SOLLA CLARA,SOLLA CLARA,maggioli_2025_preferences_section_l09_xml,maggioli_list_number=9; maggioli_council_candidate_number=22
comunali_lamezia_2025_list_lamezia_domani_candidate_vescio_salvatore_gennaro,comunali_lamezia_2025,comunali_lamezia_2025_list_lamezia_domani,VESCIO SALVATORE GENNARO,VESCIO SALVATORE GENNARO,maggioli_2025_preferences_section_l09_xml,maggioli_list_number=9; maggioli_council_candidate_number=23
comunali_lamezia_2025_list_lamezia_domani_candidate_viviano_chiara,comunali_lamezia_2025,comunali_lamezia_2025_list_lamezia_domani,VIVIANO CHIARA,VIVIANO CHIARA,maggioli_2025_preferences_section_l09_xml,maggioli_list_number=9; maggioli_council_candidate_number=24
comunali_lamezia_2025_list_noi_moderati_candidate_rosato_michele,comunali_lamezia_2025,comunali_lamezia_2025_list_noi_moderati,ROSATO MICHELE,ROSATO MICHELE,maggioli_2025_preferences_section_l10_xml,maggioli_list_number=10; maggioli_council_candidate_number=1
comunali_lamezia_2025_list_noi_moderati_candidate_africano_rossana,comunali_lamezia_2025,comunali_lamezia_2025_list_noi_moderati,AFRICANO ROSSANA,AFRICANO ROSSANA,maggioli_2025_preferences_section_l10_xml,maggioli_list_number=10; maggioli_council_candidate_number=2
comunali_lamezia_2025_list_noi_moderati_candidate_campisano_chiara,comunali_lamezia_2025,comunali_lamezia_2025_list_noi_moderati,CAMPISANO CHIARA,CAMPISANO CHIARA,maggioli_2025_preferences_section_l10_xml,maggioli_list_number=10; maggioli_council_candidate_number=3
comunali_lamezia_2025_list_noi_moderati_candidate_carino_giovanni,comunali_lamezia_2025,comunali_lamezia_2025_list_noi_moderati,CARINO GIOVANNI,CARINO GIOVANNI,maggioli_2025_preferences_section_l10_xml,maggioli_list_number=10; maggioli_council_candidate_number=4
comunali_lamezia_2025_list_noi_moderati_candidate_carnovale_irene,comunali_lamezia_2025,comunali_lamezia_2025_list_noi_moderati,CARNOVALE IRENE,CARNOVALE IRENE,maggioli_2025_preferences_section_l10_xml,maggioli_list_number=10; maggioli_council_candidate_number=5
comunali_lamezia_2025_list_noi_moderati_candidate_colosimo_adelaide,comunali_lamezia_2025,comunali_lamezia_2025_list_noi_moderati,COLOSIMO ADELAIDE,COLOSIMO ADELAIDE,maggioli_2025_preferences_section_l10_xml,maggioli_list_number=10; maggioli_council_candidate_number=6
comunali_lamezia_2025_list_noi_moderati_candidate_famularo_monique,comunali_lamezia_2025,comunali_lamezia_2025_list_noi_moderati,FAMULARO MONIQUE,FAMULARO MONIQUE,maggioli_2025_preferences_section_l10_xml,maggioli_list_number=10; maggioli_council_candidate_number=7
comunali_lamezia_2025_list_noi_moderati_candidate_folino_matteo,comunali_lamezia_2025,comunali_lamezia_2025_list_noi_moderati,FOLINO MATTEO,FOLINO MATTEO,maggioli_2025_preferences_section_l10_xml,maggioli_list_number=10; maggioli_council_candidate_number=8
comunali_lamezia_2025_list_noi_moderati_candidate_franceschi_francesco,comunali_lamezia_2025,comunali_lamezia_2025_list_noi_moderati,FRANCESCHI FRANCESCO,FRANCESCHI FRANCESCO,maggioli_2025_preferences_section_l10_xml,maggioli_list_number=10; maggioli_council_candidate_number=9
comunali_lamezia_2025_list_noi_moderati_candidate_gaetano_claudio,comunali_lamezia_2025,comunali_lamezia_2025_list_noi_moderati,GAETANO CLAUDIO,GAETANO CLAUDIO,maggioli_2025_preferences_section_l10_xml,maggioli_list_number=10; maggioli_council_candidate_number=10
comunali_lamezia_2025_list_noi_moderati_candidate_gigliotti_alberto,comunali_lamezia_2025,comunali_lamezia_2025_list_noi_moderati,GIGLIOTTI ALBERTO,GIGLIOTTI ALBERTO,maggioli_2025_preferences_section_l10_xml,maggioli_list_number=10; maggioli_council_candidate_number=11
comunali_lamezia_2025_list_noi_moderati_candidate_giuliano_vincenzo,comunali_lamezia_2025,comunali_lamezia_2025_list_noi_moderati,GIULIANO VINCENZO,GIULIANO VINCENZO,maggioli_2025_preferences_section_l10_xml,maggioli_list_number=10; maggioli_council_candidate_number=12
comunali_lamezia_2025_list_noi_moderati_candidate_granato_antonio,comunali_lamezia_2025,comunali_lamezia_2025_list_noi_moderati,GRANATO ANTONIO,GRANATO ANTONIO,maggioli_2025_preferences_section_l10_xml,maggioli_list_number=10; maggioli_council_candidate_number=13
comunali_lamezia_2025_list_noi_moderati_candidate_mastroianni_maria_detta_carmela,comunali_lamezia_2025,comunali_lamezia_2025_list_noi_moderati,MASTROIANNI MARIA detta CARMELA,MASTROIANNI MARIA DETTA CARMELA,maggioli_2025_preferences_section_l10_xml,maggioli_list_number=10; maggioli_council_candidate_number=14
comunali_lamezia_2025_list_noi_moderati_candidate_materazzo_pasquale,comunali_lamezia_2025,comunali_lamezia_2025_list_noi_moderati,MATERAZZO PASQUALE,MATERAZZO PASQUALE,maggioli_2025_preferences_section_l10_xml,maggioli_list_number=10; maggioli_council_candidate_number=15
comunali_lamezia_2025_list_noi_moderati_candidate_mazzei_antonio,comunali_lamezia_2025,comunali_lamezia_2025_list_noi_moderati,MAZZEI ANTONIO,MAZZEI ANTONIO,maggioli_2025_preferences_section_l10_xml,maggioli_list_number=10; maggioli_council_candidate_number=16
comunali_lamezia_2025_list_noi_moderati_candidate_meraglia_massimiliano_detto_massi,comunali_lamezia_2025,comunali_lamezia_2025_list_noi_moderati,MERAGLIA MASSIMILIANO detto MASSI,MERAGLIA MASSIMILIANO DETTO MASSI,maggioli_2025_preferences_section_l10_xml,maggioli_list_number=10; maggioli_council_candidate_number=17
comunali_lamezia_2025_list_noi_moderati_candidate_mercurio_rosina,comunali_lamezia_2025,comunali_lamezia_2025_list_noi_moderati,MERCURIO ROSINA,MERCURIO ROSINA,maggioli_2025_preferences_section_l10_xml,maggioli_list_number=10; maggioli_council_candidate_number=18
comunali_lamezia_2025_list_noi_moderati_candidate_parisi_enrico,comunali_lamezia_2025,comunali_lamezia_2025_list_noi_moderati,PARISI ENRICO,PARISI ENRICO,maggioli_2025_preferences_section_l10_xml,maggioli_list_number=10; maggioli_council_candidate_number=19
comunali_lamezia_2025_list_noi_moderati_candidate_raso_alessandro_santo,comunali_lamezia_2025,comunali_lamezia_2025_list_noi_moderati,RASO ALESSANDRO SANTO,RASO ALESSANDRO SANTO,maggioli_2025_preferences_section_l10_xml,maggioli_list_number=10; maggioli_council_candidate_number=20
comunali_lamezia_2025_list_noi_moderati_candidate_rubino_rosy,comunali_lamezia_2025,comunali_lamezia_2025_list_noi_moderati,RUBINO ROSY,RUBINO ROSY,maggioli_2025_preferences_section_l10_xml,maggioli_list_number=10; maggioli_council_candidate_number=21
comunali_lamezia_2025_list_noi_moderati_candidate_saladini_giovanni_arrigo,comunali_lamezia_2025,comunali_lamezia_2025_list_noi_moderati,SALADINI GIOVANNI ARRIGO,SALADINI GIOVANNI ARRIGO,maggioli_2025_preferences_section_l10_xml,maggioli_list_number=10; maggioli_council_candidate_number=22
comunali_lamezia_2025_list_noi_moderati_candidate_spinelli_annalisa,comunali_lamezia_2025,comunali_lamezia_2025_list_noi_moderati,SPINELLI ANNALISA,SPINELLI ANNALISA,maggioli_2025_preferences_section_l10_xml,maggioli_list_number=10; maggioli_council_candidate_number=23
comunali_lamezia_2025_list_noi_moderati_candidate_vescio_jessica,comunali_lamezia_2025,comunali_lamezia_2025_list_noi_moderati,VESCIO JESSICA,VESCIO JESSICA,maggioli_2025_preferences_section_l10_xml,maggioli_list_number=10; maggioli_council_candidate_number=24
comunali_lamezia_2025_list_calabria_azzurra_candidate_barris_francesco,comunali_lamezia_2025,comunali_lamezia_2025_list_calabria_azzurra,BARRIS FRANCESCO,BARRIS FRANCESCO,maggioli_2025_preferences_section_l11_xml,maggioli_list_number=11; maggioli_council_candidate_number=1
comunali_lamezia_2025_list_calabria_azzurra_candidate_belville_luciana,comunali_lamezia_2025,comunali_lamezia_2025_list_calabria_azzurra,BELVILLE LUCIANA,BELVILLE LUCIANA,maggioli_2025_preferences_section_l11_xml,maggioli_list_number=11; maggioli_council_candidate_number=2
comunali_lamezia_2025_list_calabria_azzurra_candidate_calapristi_maria_teresa,comunali_lamezia_2025,comunali_lamezia_2025_list_calabria_azzurra,CALAPRISTI MARIA TERESA,CALAPRISTI MARIA TERESA,maggioli_2025_preferences_section_l11_xml,maggioli_list_number=11; maggioli_council_candidate_number=3
comunali_lamezia_2025_list_calabria_azzurra_candidate_cuda_stefania,comunali_lamezia_2025,comunali_lamezia_2025_list_calabria_azzurra,CUDA STEFANIA,CUDA STEFANIA,maggioli_2025_preferences_section_l11_xml,maggioli_list_number=11; maggioli_council_candidate_number=4
comunali_lamezia_2025_list_calabria_azzurra_candidate_cutri_vincenzo,comunali_lamezia_2025,comunali_lamezia_2025_list_calabria_azzurra,CUTRI' VINCENZO,CUTRI' VINCENZO,maggioli_2025_preferences_section_l11_xml,maggioli_list_number=11; maggioli_council_candidate_number=5
comunali_lamezia_2025_list_calabria_azzurra_candidate_de_sarro_angelino_detto_angelo,comunali_lamezia_2025,comunali_lamezia_2025_list_calabria_azzurra,DE SARRO ANGELINO detto ANGELO,DE SARRO ANGELINO DETTO ANGELO,maggioli_2025_preferences_section_l11_xml,maggioli_list_number=11; maggioli_council_candidate_number=6
comunali_lamezia_2025_list_calabria_azzurra_candidate_di_cesario_anna_debora,comunali_lamezia_2025,comunali_lamezia_2025_list_calabria_azzurra,DI CESARIO ANNA DEBORA,DI CESARIO ANNA DEBORA,maggioli_2025_preferences_section_l11_xml,maggioli_list_number=11; maggioli_council_candidate_number=7
comunali_lamezia_2025_list_calabria_azzurra_candidate_donato_giovanni,comunali_lamezia_2025,comunali_lamezia_2025_list_calabria_azzurra,DONATO GIOVANNI,DONATO GIOVANNI,maggioli_2025_preferences_section_l11_xml,maggioli_list_number=11; maggioli_council_candidate_number=8
comunali_lamezia_2025_list_calabria_azzurra_candidate_falvo_maria,comunali_lamezia_2025,comunali_lamezia_2025_list_calabria_azzurra,FALVO MARIA,FALVO MARIA,maggioli_2025_preferences_section_l11_xml,maggioli_list_number=11; maggioli_council_candidate_number=9
comunali_lamezia_2025_list_calabria_azzurra_candidate_isabella_francesco,comunali_lamezia_2025,comunali_lamezia_2025_list_calabria_azzurra,ISABELLA FRANCESCO,ISABELLA FRANCESCO,maggioli_2025_preferences_section_l11_xml,maggioli_list_number=11; maggioli_council_candidate_number=10
comunali_lamezia_2025_list_calabria_azzurra_candidate_lento_gianpiero,comunali_lamezia_2025,comunali_lamezia_2025_list_calabria_azzurra,LENTO GIANPIERO,LENTO GIANPIERO,maggioli_2025_preferences_section_l11_xml,maggioli_list_number=11; maggioli_council_candidate_number=11
comunali_lamezia_2025_list_calabria_azzurra_candidate_longo_gennaro,comunali_lamezia_2025,comunali_lamezia_2025_list_calabria_azzurra,LONGO GENNARO,LONGO GENNARO,maggioli_2025_preferences_section_l11_xml,maggioli_list_number=11; maggioli_council_candidate_number=12
comunali_lamezia_2025_list_calabria_azzurra_candidate_martello_valeria,comunali_lamezia_2025,comunali_lamezia_2025_list_calabria_azzurra,MARTELLO VALERIA,MARTELLO VALERIA,maggioli_2025_preferences_section_l11_xml,maggioli_list_number=11; maggioli_council_candidate_number=13
comunali_lamezia_2025_list_calabria_azzurra_candidate_mendicino_salvatore_antonio,comunali_lamezia_2025,comunali_lamezia_2025_list_calabria_azzurra,MENDICINO SALVATORE ANTONIO,MENDICINO SALVATORE ANTONIO,maggioli_2025_preferences_section_l11_xml,maggioli_list_number=11; maggioli_council_candidate_number=14
comunali_lamezia_2025_list_calabria_azzurra_candidate_nicotera_giancarlo,comunali_lamezia_2025,comunali_lamezia_2025_list_calabria_azzurra,NICOTERA GIANCARLO,NICOTERA GIANCARLO,maggioli_2025_preferences_section_l11_xml,maggioli_list_number=11; maggioli_council_candidate_number=15
comunali_lamezia_2025_list_calabria_azzurra_candidate_paola_giovanni,comunali_lamezia_2025,comunali_lamezia_2025_list_calabria_azzurra,PAOLA GIOVANNI,PAOLA GIOVANNI,maggioli_2025_preferences_section_l11_xml,maggioli_list_number=11; maggioli_council_candidate_number=16
comunali_lamezia_2025_list_calabria_azzurra_candidate_pegna_ruggero,comunali_lamezia_2025,comunali_lamezia_2025_list_calabria_azzurra,PEGNA RUGGERO,PEGNA RUGGERO,maggioli_2025_preferences_section_l11_xml,maggioli_list_number=11; maggioli_council_candidate_number=17
comunali_lamezia_2025_list_calabria_azzurra_candidate_rizzo_antoinette_detta_tonia,comunali_lamezia_2025,comunali_lamezia_2025_list_calabria_azzurra,RIZZO ANTOINETTE detta TONIA,RIZZO ANTOINETTE DETTA TONIA,maggioli_2025_preferences_section_l11_xml,maggioli_list_number=11; maggioli_council_candidate_number=18
comunali_lamezia_2025_list_calabria_azzurra_candidate_santangelo_pietro,comunali_lamezia_2025,comunali_lamezia_2025_list_calabria_azzurra,SANTANGELO PIETRO,SANTANGELO PIETRO,maggioli_2025_preferences_section_l11_xml,maggioli_list_number=11; maggioli_council_candidate_number=19
comunali_lamezia_2025_list_calabria_azzurra_candidate_scalise_giulia,comunali_lamezia_2025,comunali_lamezia_2025_list_calabria_azzurra,SCALISE GIULIA,SCALISE GIULIA,maggioli_2025_preferences_section_l11_xml,maggioli_list_number=11; maggioli_council_candidate_number=20
comunali_lamezia_2025_list_calabria_azzurra_candidate_torcasio_antonia_valeria,comunali_lamezia_2025,comunali_lamezia_2025_list_calabria_azzurra,TORCASIO ANTONIA VALERIA,TORCASIO ANTONIA VALERIA,maggioli_2025_preferences_section_l11_xml,maggioli_list_number=11; maggioli_council_candidate_number=21
comunali_lamezia_2025_list_calabria_azzurra_candidate_torcaso_pasquale,comunali_lamezia_2025,comunali_lamezia_2025_list_calabria_azzurra,TORCASO PASQUALE,TORCASO PASQUALE,maggioli_2025_preferences_section_l11_xml,maggioli_list_number=11; maggioli_council_candidate_number=22
comunali_lamezia_2025_list_calabria_azzurra_candidate_tropea_vincenzo,comunali_lamezia_2025,comunali_lamezia_2025_list_calabria_azzurra,TROPEA VINCENZO,TROPEA VINCENZO,maggioli_2025_preferences_section_l11_xml,maggioli_list_number=11; maggioli_council_candidate_number=23
comunali_lamezia_2025_list_calabria_azzurra_candidate_vigliaturo_teresa,comunali_lamezia_2025,comunali_lamezia_2025_list_calabria_azzurra,VIGLIATURO TERESA,VIGLIATURO TERESA,maggioli_2025_preferences_section_l11_xml,maggioli_list_number=11; maggioli_council_candidate_number=24
comunali_lamezia_2025_list_forza_italia_candidate_benincasa_lorenzo,comunali_lamezia_2025,comunali_lamezia_2025_list_forza_italia,BENINCASA LORENZO,BENINCASA LORENZO,maggioli_2025_preferences_section_l12_xml,maggioli_list_number=12; maggioli_council_candidate_number=1
comunali_lamezia_2025_list_forza_italia_candidate_bevilacqua_carlo,comunali_lamezia_2025,comunali_lamezia_2025_list_forza_italia,BEVILACQUA CARLO,BEVILACQUA CARLO,maggioli_2025_preferences_section_l12_xml,maggioli_list_number=12; maggioli_council_candidate_number=2
comunali_lamezia_2025_list_forza_italia_candidate_caparrotta_annamaria,comunali_lamezia_2025,comunali_lamezia_2025_list_forza_italia,CAPARROTTA ANNAMARIA,CAPARROTTA ANNAMARIA,maggioli_2025_preferences_section_l12_xml,maggioli_list_number=12; maggioli_council_candidate_number=3
comunali_lamezia_2025_list_forza_italia_candidate_carosa_antonio,comunali_lamezia_2025,comunali_lamezia_2025_list_forza_italia,CAROSA ANTONIO,CAROSA ANTONIO,maggioli_2025_preferences_section_l12_xml,maggioli_list_number=12; maggioli_council_candidate_number=4
comunali_lamezia_2025_list_forza_italia_candidate_caruso_titina_detta_carolina,comunali_lamezia_2025,comunali_lamezia_2025_list_forza_italia,CARUSO TITINA detta CAROLINA,CARUSO TITINA DETTA CAROLINA,maggioli_2025_preferences_section_l12_xml,maggioli_list_number=12; maggioli_council_candidate_number=5
comunali_lamezia_2025_list_forza_italia_candidate_cavallaro_giusy,comunali_lamezia_2025,comunali_lamezia_2025_list_forza_italia,CAVALLARO GIUSY,CAVALLARO GIUSY,maggioli_2025_preferences_section_l12_xml,maggioli_list_number=12; maggioli_council_candidate_number=6
comunali_lamezia_2025_list_forza_italia_candidate_colacino_assunta_maria,comunali_lamezia_2025,comunali_lamezia_2025_list_forza_italia,COLACINO ASSUNTA MARIA,COLACINO ASSUNTA MARIA,maggioli_2025_preferences_section_l12_xml,maggioli_list_number=12; maggioli_council_candidate_number=7
comunali_lamezia_2025_list_forza_italia_candidate_corrado_daniela,comunali_lamezia_2025,comunali_lamezia_2025_list_forza_italia,CORRADO DANIELA,CORRADO DANIELA,maggioli_2025_preferences_section_l12_xml,maggioli_list_number=12; maggioli_council_candidate_number=8
comunali_lamezia_2025_list_forza_italia_candidate_gallo_antonella,comunali_lamezia_2025,comunali_lamezia_2025_list_forza_italia,GALLO ANTONELLA,GALLO ANTONELLA,maggioli_2025_preferences_section_l12_xml,maggioli_list_number=12; maggioli_council_candidate_number=9
comunali_lamezia_2025_list_forza_italia_candidate_grandinetti_maria,comunali_lamezia_2025,comunali_lamezia_2025_list_forza_italia,GRANDINETTI MARIA,GRANDINETTI MARIA,maggioli_2025_preferences_section_l12_xml,maggioli_list_number=12; maggioli_council_candidate_number=10
comunali_lamezia_2025_list_forza_italia_candidate_greco_danilo,comunali_lamezia_2025,comunali_lamezia_2025_list_forza_italia,GRECO DANILO,GRECO DANILO,maggioli_2025_preferences_section_l12_xml,maggioli_list_number=12; maggioli_council_candidate_number=11
comunali_lamezia_2025_list_forza_italia_candidate_mastroianni_davide,comunali_lamezia_2025,comunali_lamezia_2025_list_forza_italia,MASTROIANNI DAVIDE,MASTROIANNI DAVIDE,maggioli_2025_preferences_section_l12_xml,maggioli_list_number=12; maggioli_council_candidate_number=12
comunali_lamezia_2025_list_forza_italia_candidate_materazzo_francesco,comunali_lamezia_2025,comunali_lamezia_2025_list_forza_italia,MATERAZZO FRANCESCO,MATERAZZO FRANCESCO,maggioli_2025_preferences_section_l12_xml,maggioli_list_number=12; maggioli_council_candidate_number=13
comunali_lamezia_2025_list_forza_italia_candidate_natrella_pasquale_detto_pasqualino,comunali_lamezia_2025,comunali_lamezia_2025_list_forza_italia,NATRELLA PASQUALE detto PASQUALINO,NATRELLA PASQUALE DETTO PASQUALINO,maggioli_2025_preferences_section_l12_xml,maggioli_list_number=12; maggioli_council_candidate_number=14
comunali_lamezia_2025_list_forza_italia_candidate_nicotera_vincenzo,comunali_lamezia_2025,comunali_lamezia_2025_list_forza_italia,NICOTERA VINCENZO,NICOTERA VINCENZO,maggioli_2025_preferences_section_l12_xml,maggioli_list_number=12; maggioli_council_candidate_number=15
comunali_lamezia_2025_list_forza_italia_candidate_paradiso_tranquillo,comunali_lamezia_2025,comunali_lamezia_2025_list_forza_italia,PARADISO TRANQUILLO,PARADISO TRANQUILLO,maggioli_2025_preferences_section_l12_xml,maggioli_list_number=12; maggioli_council_candidate_number=16
comunali_lamezia_2025_list_forza_italia_candidate_perri_erica_andrea,comunali_lamezia_2025,comunali_lamezia_2025_list_forza_italia,PERRI ERICA ANDREA,PERRI ERICA ANDREA,maggioli_2025_preferences_section_l12_xml,maggioli_list_number=12; maggioli_council_candidate_number=17
comunali_lamezia_2025_list_forza_italia_candidate_renda_luisa,comunali_lamezia_2025,comunali_lamezia_2025_list_forza_italia,RENDA LUISA,RENDA LUISA,maggioli_2025_preferences_section_l12_xml,maggioli_list_number=12; maggioli_council_candidate_number=18
comunali_lamezia_2025_list_forza_italia_candidate_roberto_giovanni,comunali_lamezia_2025,comunali_lamezia_2025_list_forza_italia,ROBERTO GIOVANNI,ROBERTO GIOVANNI,maggioli_2025_preferences_section_l12_xml,maggioli_list_number=12; maggioli_council_candidate_number=19
comunali_lamezia_2025_list_forza_italia_candidate_rumoro_sandra,comunali_lamezia_2025,comunali_lamezia_2025_list_forza_italia,RUMORO SANDRA,RUMORO SANDRA,maggioli_2025_preferences_section_l12_xml,maggioli_list_number=12; maggioli_council_candidate_number=20
comunali_lamezia_2025_list_forza_italia_candidate_russo_rossella,comunali_lamezia_2025,comunali_lamezia_2025_list_forza_italia,RUSSO ROSSELLA,RUSSO ROSSELLA,maggioli_2025_preferences_section_l12_xml,maggioli_list_number=12; maggioli_council_candidate_number=21
comunali_lamezia_2025_list_forza_italia_candidate_vaccaro_michele,comunali_lamezia_2025,comunali_lamezia_2025_list_forza_italia,VACCARO MICHELE,VACCARO MICHELE,maggioli_2025_preferences_section_l12_xml,maggioli_list_number=12; maggioli_council_candidate_number=22
comunali_lamezia_2025_list_forza_italia_candidate_vasta_manuel,comunali_lamezia_2025,comunali_lamezia_2025_list_forza_italia,VASTA MANUEL,VASTA MANUEL,maggioli_2025_preferences_section_l12_xml,maggioli_list_number=12; maggioli_council_candidate_number=23
comunali_lamezia_2025_list_forza_italia_candidate_vescio_antonio,comunali_lamezia_2025,comunali_lamezia_2025_list_forza_italia,VESCIO ANTONIO,VESCIO ANTONIO,maggioli_2025_preferences_section_l12_xml,maggioli_list_number=12; maggioli_council_candidate_number=24
comunali_lamezia_2025_list_lega_salvini_calabria_candidate_amicarelli_donatella_detta_micarelli,comunali_lamezia_2025,comunali_lamezia_2025_list_lega_salvini_calabria,AMICARELLI DONATELLA detta MICARELLI,AMICARELLI DONATELLA DETTA MICARELLI,maggioli_2025_preferences_section_l13_xml,maggioli_list_number=13; maggioli_council_candidate_number=1
comunali_lamezia_2025_list_lega_salvini_calabria_candidate_bonaccurso_simone,comunali_lamezia_2025,comunali_lamezia_2025_list_lega_salvini_calabria,BONACCURSO SIMONE,BONACCURSO SIMONE,maggioli_2025_preferences_section_l13_xml,maggioli_list_number=13; maggioli_council_candidate_number=2
comunali_lamezia_2025_list_lega_salvini_calabria_candidate_calidonna_gennaro,comunali_lamezia_2025,comunali_lamezia_2025_list_lega_salvini_calabria,CALIDONNA GENNARO,CALIDONNA GENNARO,maggioli_2025_preferences_section_l13_xml,maggioli_list_number=13; maggioli_council_candidate_number=3
comunali_lamezia_2025_list_lega_salvini_calabria_candidate_cristiano_massimo,comunali_lamezia_2025,comunali_lamezia_2025_list_lega_salvini_calabria,CRISTIANO MASSIMO,CRISTIANO MASSIMO,maggioli_2025_preferences_section_l13_xml,maggioli_list_number=13; maggioli_council_candidate_number=4
comunali_lamezia_2025_list_lega_salvini_calabria_candidate_d_amico_antonietta,comunali_lamezia_2025,comunali_lamezia_2025_list_lega_salvini_calabria,D'AMICO ANTONIETTA,D'AMICO ANTONIETTA,maggioli_2025_preferences_section_l13_xml,maggioli_list_number=13; maggioli_council_candidate_number=5
comunali_lamezia_2025_list_lega_salvini_calabria_candidate_d_ascoli_ylenia,comunali_lamezia_2025,comunali_lamezia_2025_list_lega_salvini_calabria,D'ASCOLI YLENIA,D'ASCOLI YLENIA,maggioli_2025_preferences_section_l13_xml,maggioli_list_number=13; maggioli_council_candidate_number=6
comunali_lamezia_2025_list_lega_salvini_calabria_candidate_del_gaiso_roberto,comunali_lamezia_2025,comunali_lamezia_2025_list_lega_salvini_calabria,DEL GAISO ROBERTO,DEL GAISO ROBERTO,maggioli_2025_preferences_section_l13_xml,maggioli_list_number=13; maggioli_council_candidate_number=7
comunali_lamezia_2025_list_lega_salvini_calabria_candidate_fraone_domenico_peppino_antonio,comunali_lamezia_2025,comunali_lamezia_2025_list_lega_salvini_calabria,FRAONE DOMENICO PEPPINO ANTONIO,FRAONE DOMENICO PEPPINO ANTONIO,maggioli_2025_preferences_section_l13_xml,maggioli_list_number=13; maggioli_council_candidate_number=8
comunali_lamezia_2025_list_lega_salvini_calabria_candidate_giampa_alessandro,comunali_lamezia_2025,comunali_lamezia_2025_list_lega_salvini_calabria,GIAMPA' ALESSANDRO,GIAMPA' ALESSANDRO,maggioli_2025_preferences_section_l13_xml,maggioli_list_number=13; maggioli_council_candidate_number=9
comunali_lamezia_2025_list_lega_salvini_calabria_candidate_giuliano_maria_teresa,comunali_lamezia_2025,comunali_lamezia_2025_list_lega_salvini_calabria,GIULIANO MARIA TERESA,GIULIANO MARIA TERESA,maggioli_2025_preferences_section_l13_xml,maggioli_list_number=13; maggioli_council_candidate_number=10
comunali_lamezia_2025_list_lega_salvini_calabria_candidate_lento_danila,comunali_lamezia_2025,comunali_lamezia_2025_list_lega_salvini_calabria,LENTO DANILA,LENTO DANILA,maggioli_2025_preferences_section_l13_xml,maggioli_list_number=13; maggioli_council_candidate_number=11
comunali_lamezia_2025_list_lega_salvini_calabria_candidate_marrazzo_davide,comunali_lamezia_2025,comunali_lamezia_2025_list_lega_salvini_calabria,MARRAZZO DAVIDE,MARRAZZO DAVIDE,maggioli_2025_preferences_section_l13_xml,maggioli_list_number=13; maggioli_council_candidate_number=12
comunali_lamezia_2025_list_lega_salvini_calabria_candidate_mastroianni_antonio_detto_tonino,comunali_lamezia_2025,comunali_lamezia_2025_list_lega_salvini_calabria,MASTROIANNI ANTONIO detto TONINO,MASTROIANNI ANTONIO DETTO TONINO,maggioli_2025_preferences_section_l13_xml,maggioli_list_number=13; maggioli_council_candidate_number=13
comunali_lamezia_2025_list_lega_salvini_calabria_candidate_mendicino_saverio,comunali_lamezia_2025,comunali_lamezia_2025_list_lega_salvini_calabria,MENDICINO SAVERIO,MENDICINO SAVERIO,maggioli_2025_preferences_section_l13_xml,maggioli_list_number=13; maggioli_council_candidate_number=14
comunali_lamezia_2025_list_lega_salvini_calabria_candidate_mete_livio_giuseppe,comunali_lamezia_2025,comunali_lamezia_2025_list_lega_salvini_calabria,METE LIVIO GIUSEPPE,METE LIVIO GIUSEPPE,maggioli_2025_preferences_section_l13_xml,maggioli_list_number=13; maggioli_council_candidate_number=15
comunali_lamezia_2025_list_lega_salvini_calabria_candidate_montilla_maria_carmelina,comunali_lamezia_2025,comunali_lamezia_2025_list_lega_salvini_calabria,MONTILLA MARIA CARMELINA,MONTILLA MARIA CARMELINA,maggioli_2025_preferences_section_l13_xml,maggioli_list_number=13; maggioli_council_candidate_number=16
comunali_lamezia_2025_list_lega_salvini_calabria_candidate_pascuzzo_raffaella,comunali_lamezia_2025,comunali_lamezia_2025_list_lega_salvini_calabria,PASCUZZO RAFFAELLA,PASCUZZO RAFFAELLA,maggioli_2025_preferences_section_l13_xml,maggioli_list_number=13; maggioli_council_candidate_number=17
comunali_lamezia_2025_list_lega_salvini_calabria_candidate_romano_federica,comunali_lamezia_2025,comunali_lamezia_2025_list_lega_salvini_calabria,ROMANO FEDERICA,ROMANO FEDERICA,maggioli_2025_preferences_section_l13_xml,maggioli_list_number=13; maggioli_council_candidate_number=18
comunali_lamezia_2025_list_lega_salvini_calabria_candidate_rubino_carmine,comunali_lamezia_2025,comunali_lamezia_2025_list_lega_salvini_calabria,RUBINO CARMINE,RUBINO CARMINE,maggioli_2025_preferences_section_l13_xml,maggioli_list_number=13; maggioli_council_candidate_number=19
comunali_lamezia_2025_list_lega_salvini_calabria_candidate_scarpino_simona,comunali_lamezia_2025,comunali_lamezia_2025_list_lega_salvini_calabria,SCARPINO SIMONA,SCARPINO SIMONA,maggioli_2025_preferences_section_l13_xml,maggioli_list_number=13; maggioli_council_candidate_number=20
comunali_lamezia_2025_list_lega_salvini_calabria_candidate_stancu_tudorita_aurelia_detta_aura,comunali_lamezia_2025,comunali_lamezia_2025_list_lega_salvini_calabria,STANCU TUDORITA AURELIA detta AURA,STANCU TUDORITA AURELIA DETTA AURA,maggioli_2025_preferences_section_l13_xml,maggioli_list_number=13; maggioli_council_candidate_number=21
comunali_lamezia_2025_list_lega_salvini_calabria_candidate_truglia_francesco,comunali_lamezia_2025,comunali_lamezia_2025_list_lega_salvini_calabria,TRUGLIA FRANCESCO,TRUGLIA FRANCESCO,maggioli_2025_preferences_section_l13_xml,maggioli_list_number=13; maggioli_council_candidate_number=22
comunali_lamezia_2025_list_lega_salvini_calabria_candidate_villella_carmine,comunali_lamezia_2025,comunali_lamezia_2025_list_lega_salvini_calabria,VILLELLA CARMINE,VILLELLA CARMINE,maggioli_2025_preferences_section_l13_xml,maggioli_list_number=13; maggioli_council_candidate_number=23
comunali_lamezia_2025_list_lega_salvini_calabria_candidate_visciglia_natascia,comunali_lamezia_2025,comunali_lamezia_2025_list_lega_salvini_calabria,VISCIGLIA NATASCIA,VISCIGLIA NATASCIA,maggioli_2025_preferences_section_l13_xml,maggioli_list_number=13; maggioli_council_candidate_number=24
comunali_lamezia_2025_list_fratelli_d_italia_candidate_artusa_rosalba_anna,comunali_lamezia_2025,comunali_lamezia_2025_list_fratelli_d_italia,ARTUSA ROSALBA ANNA,ARTUSA ROSALBA ANNA,maggioli_2025_preferences_section_l14_xml,maggioli_list_number=14; maggioli_council_candidate_number=1
comunali_lamezia_2025_list_fratelli_d_italia_candidate_baretta_iolanda,comunali_lamezia_2025,comunali_lamezia_2025_list_fratelli_d_italia,BARETTA IOLANDA,BARETTA IOLANDA,maggioli_2025_preferences_section_l14_xml,maggioli_list_number=14; maggioli_council_candidate_number=2
comunali_lamezia_2025_list_fratelli_d_italia_candidate_cataudo_salvatore,comunali_lamezia_2025,comunali_lamezia_2025_list_fratelli_d_italia,CATAUDO SALVATORE,CATAUDO SALVATORE,maggioli_2025_preferences_section_l14_xml,maggioli_list_number=14; maggioli_council_candidate_number=3
comunali_lamezia_2025_list_fratelli_d_italia_candidate_costantino_enrico,comunali_lamezia_2025,comunali_lamezia_2025_list_fratelli_d_italia,COSTANTINO ENRICO,COSTANTINO ENRICO,maggioli_2025_preferences_section_l14_xml,maggioli_list_number=14; maggioli_council_candidate_number=4
comunali_lamezia_2025_list_fratelli_d_italia_candidate_fusco_vincenzo,comunali_lamezia_2025,comunali_lamezia_2025_list_fratelli_d_italia,FUSCO VINCENZO,FUSCO VINCENZO,maggioli_2025_preferences_section_l14_xml,maggioli_list_number=14; maggioli_council_candidate_number=5
comunali_lamezia_2025_list_fratelli_d_italia_candidate_garozzo_giuseppe,comunali_lamezia_2025,comunali_lamezia_2025_list_fratelli_d_italia,GAROZZO GIUSEPPE,GAROZZO GIUSEPPE,maggioli_2025_preferences_section_l14_xml,maggioli_list_number=14; maggioli_council_candidate_number=6
comunali_lamezia_2025_list_fratelli_d_italia_candidate_grande_giovanni,comunali_lamezia_2025,comunali_lamezia_2025_list_fratelli_d_italia,GRANDE GIOVANNI,GRANDE GIOVANNI,maggioli_2025_preferences_section_l14_xml,maggioli_list_number=14; maggioli_council_candidate_number=7
comunali_lamezia_2025_list_fratelli_d_italia_candidate_lorena_antonio,comunali_lamezia_2025,comunali_lamezia_2025_list_fratelli_d_italia,LORENA ANTONIO,LORENA ANTONIO,maggioli_2025_preferences_section_l14_xml,maggioli_list_number=14; maggioli_council_candidate_number=8
comunali_lamezia_2025_list_fratelli_d_italia_candidate_mancuso_manuela,comunali_lamezia_2025,comunali_lamezia_2025_list_fratelli_d_italia,MANCUSO MANUELA,MANCUSO MANUELA,maggioli_2025_preferences_section_l14_xml,maggioli_list_number=14; maggioli_council_candidate_number=9
comunali_lamezia_2025_list_fratelli_d_italia_candidate_mastroianni_elena,comunali_lamezia_2025,comunali_lamezia_2025_list_fratelli_d_italia,MASTROIANNI ELENA,MASTROIANNI ELENA,maggioli_2025_preferences_section_l14_xml,maggioli_list_number=14; maggioli_council_candidate_number=10
comunali_lamezia_2025_list_fratelli_d_italia_candidate_mercadante_rossella,comunali_lamezia_2025,comunali_lamezia_2025_list_fratelli_d_italia,MERCADANTE ROSSELLA,MERCADANTE ROSSELLA,maggioli_2025_preferences_section_l14_xml,maggioli_list_number=14; maggioli_council_candidate_number=11
comunali_lamezia_2025_list_fratelli_d_italia_candidate_pizzonia_giulia,comunali_lamezia_2025,comunali_lamezia_2025_list_fratelli_d_italia,PIZZONIA GIULIA,PIZZONIA GIULIA,maggioli_2025_preferences_section_l14_xml,maggioli_list_number=14; maggioli_council_candidate_number=12
comunali_lamezia_2025_list_fratelli_d_italia_candidate_porchia_francesco_maria_carmelo,comunali_lamezia_2025,comunali_lamezia_2025_list_fratelli_d_italia,PORCHIA FRANCESCO MARIA CARMELO,PORCHIA FRANCESCO MARIA CARMELO,maggioli_2025_preferences_section_l14_xml,maggioli_list_number=14; maggioli_council_candidate_number=13
comunali_lamezia_2025_list_fratelli_d_italia_candidate_raso_giovanni_manuel,comunali_lamezia_2025,comunali_lamezia_2025_list_fratelli_d_italia,RASO GIOVANNI MANUEL,RASO GIOVANNI MANUEL,maggioli_2025_preferences_section_l14_xml,maggioli_list_number=14; maggioli_council_candidate_number=14
comunali_lamezia_2025_list_fratelli_d_italia_candidate_saladino_maria_detta_mary,comunali_lamezia_2025,comunali_lamezia_2025_list_fratelli_d_italia,SALADINO MARIA detta MARY,SALADINO MARIA DETTA MARY,maggioli_2025_preferences_section_l14_xml,maggioli_list_number=14; maggioli_council_candidate_number=15
comunali_lamezia_2025_list_fratelli_d_italia_candidate_saullo_alessandro,comunali_lamezia_2025,comunali_lamezia_2025_list_fratelli_d_italia,SAULLO ALESSANDRO,SAULLO ALESSANDRO,maggioli_2025_preferences_section_l14_xml,maggioli_list_number=14; maggioli_council_candidate_number=16
comunali_lamezia_2025_list_fratelli_d_italia_candidate_scuglia_franco,comunali_lamezia_2025,comunali_lamezia_2025_list_fratelli_d_italia,SCUGLIA FRANCO,SCUGLIA FRANCO,maggioli_2025_preferences_section_l14_xml,maggioli_list_number=14; maggioli_council_candidate_number=17
comunali_lamezia_2025_list_fratelli_d_italia_candidate_serratore_pietro,comunali_lamezia_2025,comunali_lamezia_2025_list_fratelli_d_italia,SERRATORE PIETRO,SERRATORE PIETRO,maggioli_2025_preferences_section_l14_xml,maggioli_list_number=14; maggioli_council_candidate_number=18
comunali_lamezia_2025_list_fratelli_d_italia_candidate_tedesco_itania,comunali_lamezia_2025,comunali_lamezia_2025_list_fratelli_d_italia,TEDESCO ITANIA,TEDESCO ITANIA,maggioli_2025_preferences_section_l14_xml,maggioli_list_number=14; maggioli_council_candidate_number=19
comunali_lamezia_2025_list_fratelli_d_italia_candidate_torcasio_pietro,comunali_lamezia_2025,comunali_lamezia_2025_list_fratelli_d_italia,TORCASIO PIETRO,TORCASIO PIETRO,maggioli_2025_preferences_section_l14_xml,maggioli_list_number=14; maggioli_council_candidate_number=20
comunali_lamezia_2025_list_fratelli_d_italia_candidate_trapuzzano_ruggero,comunali_lamezia_2025,comunali_lamezia_2025_list_fratelli_d_italia,TRAPUZZANO RUGGERO,TRAPUZZANO RUGGERO,maggioli_2025_preferences_section_l14_xml,maggioli_list_number=14; maggioli_council_candidate_number=21
comunali_lamezia_2025_list_fratelli_d_italia_candidate_zaffina_peppino_detto_pino,comunali_lamezia_2025,comunali_lamezia_2025_list_fratelli_d_italia,ZAFFINA PEPPINO detto PINO,ZAFFINA PEPPINO DETTO PINO,maggioli_2025_preferences_section_l14_xml,maggioli_list_number=14; maggioli_council_candidate_number=22
comunali_lamezia_2025_list_fratelli_d_italia_candidate_folino_gallo_pietro_guglielmo,comunali_lamezia_2025,comunali_lamezia_2025_list_fratelli_d_italia,FOLINO GALLO PIETRO GUGLIELMO,FOLINO GALLO PIETRO GUGLIELMO,maggioli_2025_preferences_section_l14_xml,maggioli_list_number=14; maggioli_council_candidate_number=23
comunali_lamezia_2025_list_fratelli_d_italia_candidate_rocca_antonio,comunali_lamezia_2025,comunali_lamezia_2025_list_fratelli_d_italia,ROCCA ANTONIO,ROCCA ANTONIO,maggioli_2025_preferences_section_l14_xml,maggioli_list_number=14; maggioli_council_candidate_number=24
