election_id,round,section_number,mayor_candidate_id,votes,source_doc_id,validation_status,notes
comunali_lamezia_2025,1,1,comunali_lamezia_2025_mayor_lo_moro_doris,214,maggioli_2025_sections_mayor_xml,extracted_pending_totals_validation,maggioli_candidate_number=1
comunali_lamezia_2025,1,1,comunali_lamezia_2025_mayor_bevilacqua_gianpaolo,100,maggioli_2025_sections_mayor_xml,extracted_pending_totals_validation,maggioli_candidate_number=2
comunali_lamezia_2025,1,1,comunali_lamezia_2025_mayor_murone_mario,124,maggioli_2025_sections_mayor_xml,extracted_pending_totals_validation,maggioli_candidate_number=3
comunali_lamezia_2025,1,2,comunali_lamezia_2025_mayor_lo_moro_doris,147,maggioli_2025_sections_mayor_xml,extracted_pending_totals_validation,maggioli_candidate_number=1
comunali_lamezia_2025,1,2,comunali_lamezia_2025_mayor_bevilacqua_gianpaolo,61,maggioli_2025_sections_mayor_xml,extracted_pending_totals_validation,maggioli_candidate_number=2
comunali_lamezia_2025,1,2,comunali_lamezia_2025_mayor_murone_mario,101,maggioli_2025_sections_mayor_xml,extracted_pending_totals_validation,maggioli_candidate_number=3
comunali_lamezia_2025,1,3,comunali_lamezia_2025_mayor_lo_moro_doris,145,maggioli_2025_sections_mayor_xml,extracted_pending_totals_validation,maggioli_candidate_number=1
comunali_lamezia_2025,1,3,comunali_lamezia_2025_mayor_bevilacqua_gianpaolo,84,maggioli_2025_sections_mayor_xml,extracted_pending_totals_validation,maggioli_candidate_number=2
comunali_lamezia_2025,1,3,comunali_lamezia_2025_mayor_murone_mario,131,maggioli_2025_sections_mayor_xml,extracted_pending_totals_validation,maggioli_candidate_number=3
comunali_lamezia_2025,1,4,comunali_lamezia_2025_mayor_lo_moro_doris,126,maggioli_2025_sections_mayor_xml,extracted_pending_totals_validation,maggioli_candidate_number=1
comunali_lamezia_2025,1,4,comunali_lamezia_2025_mayor_bevilacqua_gianpaolo,77,maggioli_2025_sections_mayor_xml,extracted_pending_totals_validation,maggioli_candidate_number=2
comunali_lamezia_2025,1,4,comunali_lamezia_2025_mayor_murone_mario,112,maggioli_2025_sections_mayor_xml,extracted_pending_totals_validation,maggioli_candidate_number=3
comunali_lamezia_2025,1,5,comunali_lamezia_2025_mayor_lo_moro_doris,130,maggioli_2025_sections_mayor_xml,extracted_pending_totals_validation,maggioli_candidate_number=1
comunali_lamezia_2025,1,5,comunali_lamezia_2025_mayor_bevilacqua_gianpaolo,86,maggioli_2025_sections_mayor_xml,extracted_pending_totals_validation,maggioli_candidate_number=2
comunali_lamezia_2025,1,5,comunali_lamezia_2025_mayor_murone_mario,115,maggioli_2025_sections_mayor_xml,extracted_pending_totals_validation,maggioli_candidate_number=3
comunali_lamezia_2025,1,6,comunali_lamezia_2025_mayor_lo_moro_doris,175,maggioli_2025_sections_mayor_xml,extracted_pending_totals_validation,maggioli_candidate_number=1
comunali_lamezia_2025,1,6,comunali_lamezia_2025_mayor_bevilacqua_gianpaolo,108,maggioli_2025_sections_mayor_xml,extracted_pending_totals_validation,maggioli_candidate_number=2
comunali_lamezia_2025,1,6,comunali_lamezia_2025_mayor_murone_mario,113,maggioli_2025_sections_mayor_xml,extracted_pending_totals_validation,maggioli_candidate_number=3
comunali_lamezia_2025,1,7,comunali_lamezia_2025_mayor_lo_moro_doris,78,maggioli_2025_sections_mayor_xml,extracted_pending_totals_validation,maggioli_candidate_number=1
comunali_lamezia_2025,1,7,comunali_lamezia_2025_mayor_bevilacqua_gianpaolo,81,maggioli_2025_sections_mayor_xml,extracted_pending_totals_validation,maggioli_candidate_number=2
comunali_lamezia_2025,1,7,comunali_lamezia_2025_mayor_murone_mario,85,maggioli_2025_sections_mayor_xml,extracted_pending_totals_validation,maggioli_candidate_number=3
comunali_lamezia_2025,1,8,comunali_lamezia_2025_mayor_lo_moro_doris,178,maggioli_2025_sections_mayor_xml,extracted_pending_totals_validation,maggioli_candidate_number=1
comunali_lamezia_2025,1,8,comunali_lamezia_2025_mayor_bevilacqua_gianpaolo,110,maggioli_2025_sections_mayor_xml,extracted_pending_totals_validation,maggioli_candidate_number=2
comunali_lamezia_2025,1,8,comunali_lamezia_2025_mayor_murone_mario,134,maggioli_2025_sections_mayor_xml,extracted_pending_totals_validation,maggioli_candidate_number=3
comunali_lamezia_2025,1,9,comunali_lamezia_2025_mayor_lo_moro_doris,125,maggioli_2025_sections_mayor_xml,extracted_pending_totals_validation,maggioli_candidate_number=1
comunali_lamezia_2025,1,9,comunali_lamezia_2025_mayor_bevilacqua_gianpaolo,69,maggioli_2025_sections_mayor_xml,extracted_pending_totals_validation,maggioli_candidate_number=2
comunali_lamezia_2025,1,9,comunali_lamezia_2025_mayor_murone_mario,145,maggioli_2025_sections_mayor_xml,extracted_pending_totals_validation,maggioli_candidate_number=3
comunali_lamezia_2025,1,10,comunali_lamezia_2025_mayor_lo_moro_doris,113,maggioli_2025_sections_mayor_xml,extracted_pending_totals_validation,maggioli_candidate_number=1
comunali_lamezia_2025,1,10,comunali_lamezia_2025_mayor_bevilacqua_gianpaolo,56,maggioli_2025_sections_mayor_xml,extracted_pending_totals_validation,maggioli_candidate_number=2
comunali_lamezia_2025,1,10,comunali_lamezia_2025_mayor_murone_mario,82,maggioli_2025_sections_mayor_xml,extracted_pending_totals_validation,maggioli_candidate_number=3
comunali_lamezia_2025,1,11,comunali_lamezia_2025_mayor_lo_moro_doris,190,maggioli_2025_sections_mayor_xml,extracted_pending_totals_validation,maggioli_candidate_number=1
comunali_lamezia_2025,1,11,comunali_lamezia_2025_mayor_bevilacqua_gianpaolo,104,maggioli_2025_sections_mayor_xml,extracted_pending_totals_validation,maggioli_candidate_number=2
comunali_lamezia_2025,1,11,comunali_lamezia_2025_mayor_murone_mario,141,maggioli_2025_sections_mayor_xml,extracted_pending_totals_validation,maggioli_candidate_number=3
comunali_lamezia_2025,1,12,comunali_lamezia_2025_mayor_lo_moro_doris,118,maggioli_2025_sections_mayor_xml,extracted_pending_totals_validation,maggioli_candidate_number=1
comunali_lamezia_2025,1,12,comunali_lamezia_2025_mayor_bevilacqua_gianpaolo,90,maggioli_2025_sections_mayor_xml,extracted_pending_totals_validation,maggioli_candidate_number=2
comunali_lamezia_2025,1,12,comunali_lamezia_2025_mayor_murone_mario,112,maggioli_2025_sections_mayor_xml,extracted_pending_totals_validation,maggioli_candidate_number=3
comunali_lamezia_2025,1,13,comunali_lamezia_2025_mayor_lo_moro_doris,206,maggioli_2025_sections_mayor_xml,extracted_pending_totals_validation,maggioli_candidate_number=1
comunali_lamezia_2025,1,13,comunali_lamezia_2025_mayor_bevilacqua_gianpaolo,92,maggioli_2025_sections_mayor_xml,extracted_pending_totals_validation,maggioli_candidate_number=2
comunali_lamezia_2025,1,13,comunali_lamezia_2025_mayor_murone_mario,201,maggioli_2025_sections_mayor_xml,extracted_pending_totals_validation,maggioli_candidate_number=3
comunali_lamezia_2025,1,14,comunali_lamezia_2025_mayor_lo_moro_doris,196,maggioli_2025_sections_mayor_xml,extracted_pending_totals_validation,maggioli_candidate_number=1
comunali_lamezia_2025,1,14,comunali_lamezia_2025_mayor_bevilacqua_gianpaolo,115,maggioli_2025_sections_mayor_xml,extracted_pending_totals_validation,maggioli_candidate_number=2
comunali_lamezia_2025,1,14,comunali_lamezia_2025_mayor_murone_mario,145,maggioli_2025_sections_mayor_xml,extracted_pending_totals_validation,maggioli_candidate_number=3
comunali_lamezia_2025,1,15,comunali_lamezia_2025_mayor_lo_moro_doris,140,maggioli_2025_sections_mayor_xml,extracted_pending_totals_validation,maggioli_candidate_number=1
comunali_lamezia_2025,1,15,comunali_lamezia_2025_mayor_bevilacqua_gianpaolo,84,maggioli_2025_sections_mayor_xml,extracted_pending_totals_validation,maggioli_candidate_number=2
comunali_lamezia_2025,1,15,comunali_lamezia_2025_mayor_murone_mario,104,maggioli_2025_sections_mayor_xml,extracted_pending_totals_validation,maggioli_candidate_number=3
comunali_lamezia_2025,1,16,comunali_lamezia_2025_mayor_lo_moro_doris,110,maggioli_2025_sections_mayor_xml,extracted_pending_totals_validation,maggioli_candidate_number=1
comunali_lamezia_2025,1,16,comunali_lamezia_2025_mayor_bevilacqua_gianpaolo,81,maggioli_2025_sections_mayor_xml,extracted_pending_totals_validation,maggioli_candidate_number=2
comunali_lamezia_2025,1,16,comunali_lamezia_2025_mayor_murone_mario,134,maggioli_2025_sections_mayor_xml,extracted_pending_totals_validation,maggioli_candidate_number=3
comunali_lamezia_2025,1,17,comunali_lamezia_2025_mayor_lo_moro_doris,206,maggioli_2025_sections_mayor_xml,extracted_pending_totals_validation,maggioli_candidate_number=1
comunali_lamezia_2025,1,17,comunali_lamezia_2025_mayor_bevilacqua_gianpaolo,98,maggioli_2025_sections_mayor_xml,extracted_pending_totals_validation,maggioli_candidate_number=2
comunali_lamezia_2025,1,17,comunali_lamezia_2025_mayor_murone_mario,227,maggioli_2025_sections_mayor_xml,extracted_pending_totals_validation,maggioli_candidate_number=3
comunali_lamezia_2025,1,18,comunali_lamezia_2025_mayor_lo_moro_doris,165,maggioli_2025_sections_mayor_xml,extracted_pending_totals_validation,maggioli_candidate_number=1
comunali_lamezia_2025,1,18,comunali_lamezia_2025_mayor_bevilacqua_gianpaolo,105,maggioli_2025_sections_mayor_xml,extracted_pending_totals_validation,maggioli_candidate_number=2
comunali_lamezia_2025,1,18,comunali_lamezia_2025_mayor_murone_mario,164,maggioli_2025_sections_mayor_xml,extracted_pending_totals_validation,maggioli_candidate_number=3
comunali_lamezia_2025,1,19,comunali_lamezia_2025_mayor_lo_moro_doris,234,maggioli_2025_sections_mayor_xml,extracted_pending_totals_validation,maggioli_candidate_number=1
comunali_lamezia_2025,1,19,comunali_lamezia_2025_mayor_bevilacqua_gianpaolo,133,maggioli_2025_sections_mayor_xml,extracted_pending_totals_validation,maggioli_candidate_number=2
comunali_lamezia_2025,1,19,comunali_lamezia_2025_mayor_murone_mario,249,maggioli_2025_sections_mayor_xml,extracted_pending_totals_validation,maggioli_candidate_number=3
comunali_lamezia_2025,1,20,comunali_lamezia_2025_mayor_lo_moro_doris,147,maggioli_2025_sections_mayor_xml,extracted_pending_totals_validation,maggioli_candidate_number=1
comunali_lamezia_2025,1,20,comunali_lamezia_2025_mayor_bevilacqua_gianpaolo,110,maggioli_2025_sections_mayor_xml,extracted_pending_totals_validation,maggioli_candidate_number=2
comunali_lamezia_2025,1,20,comunali_lamezia_2025_mayor_murone_mario,168,maggioli_2025_sections_mayor_xml,extracted_pending_totals_validation,maggioli_candidate_number=3
comunali_lamezia_2025,1,21,comunali_lamezia_2025_mayor_lo_moro_doris,161,maggioli_2025_sections_mayor_xml,extracted_pending_totals_validation,maggioli_candidate_number=1
comunali_lamezia_2025,1,21,comunali_lamezia_2025_mayor_bevilacqua_gianpaolo,113,maggioli_2025_sections_mayor_xml,extracted_pending_totals_validation,maggioli_candidate_number=2
comunali_lamezia_2025,1,21,comunali_lamezia_2025_mayor_murone_mario,141,maggioli_2025_sections_mayor_xml,extracted_pending_totals_validation,maggioli_candidate_number=3
comunali_lamezia_2025,1,22,comunali_lamezia_2025_mayor_lo_moro_doris,178,maggioli_2025_sections_mayor_xml,extracted_pending_totals_validation,maggioli_candidate_number=1
comunali_lamezia_2025,1,22,comunali_lamezia_2025_mayor_bevilacqua_gianpaolo,90,maggioli_2025_sections_mayor_xml,extracted_pending_totals_validation,maggioli_candidate_number=2
comunali_lamezia_2025,1,22,comunali_lamezia_2025_mayor_murone_mario,165,maggioli_2025_sections_mayor_xml,extracted_pending_totals_validation,maggioli_candidate_number=3
comunali_lamezia_2025,1,23,comunali_lamezia_2025_mayor_lo_moro_doris,90,maggioli_2025_sections_mayor_xml,extracted_pending_totals_validation,maggioli_candidate_number=1
comunali_lamezia_2025,1,23,comunali_lamezia_2025_mayor_bevilacqua_gianpaolo,39,maggioli_2025_sections_mayor_xml,extracted_pending_totals_validation,maggioli_candidate_number=2
comunali_lamezia_2025,1,23,comunali_lamezia_2025_mayor_murone_mario,68,maggioli_2025_sections_mayor_xml,extracted_pending_totals_validation,maggioli_candidate_number=3
comunali_lamezia_2025,1,24,comunali_lamezia_2025_mayor_lo_moro_doris,159,maggioli_2025_sections_mayor_xml,extracted_pending_totals_validation,maggioli_candidate_number=1
comunali_lamezia_2025,1,24,comunali_lamezia_2025_mayor_bevilacqua_gianpaolo,175,maggioli_2025_sections_mayor_xml,extracted_pending_totals_validation,maggioli_candidate_number=2
comunali_lamezia_2025,1,24,comunali_lamezia_2025_mayor_murone_mario,267,maggioli_2025_sections_mayor_xml,extracted_pending_totals_validation,maggioli_candidate_number=3
comunali_lamezia_2025,1,25,comunali_lamezia_2025_mayor_lo_moro_doris,160,maggioli_2025_sections_mayor_xml,extracted_pending_totals_validation,maggioli_candidate_number=1
comunali_lamezia_2025,1,25,comunali_lamezia_2025_mayor_bevilacqua_gianpaolo,83,maggioli_2025_sections_mayor_xml,extracted_pending_totals_validation,maggioli_candidate_number=2
comunali_lamezia_2025,1,25,comunali_lamezia_2025_mayor_murone_mario,103,maggioli_2025_sections_mayor_xml,extracted_pending_totals_validation,maggioli_candidate_number=3
comunali_lamezia_2025,1,26,comunali_lamezia_2025_mayor_lo_moro_doris,104,maggioli_2025_sections_mayor_xml,extracted_pending_totals_validation,maggioli_candidate_number=1
comunali_lamezia_2025,1,26,comunali_lamezia_2025_mayor_bevilacqua_gianpaolo,82,maggioli_2025_sections_mayor_xml,extracted_pending_totals_validation,maggioli_candidate_number=2
comunali_lamezia_2025,1,26,comunali_lamezia_2025_mayor_murone_mario,82,maggioli_2025_sections_mayor_xml,extracted_pending_totals_validation,maggioli_candidate_number=3
comunali_lamezia_2025,1,27,comunali_lamezia_2025_mayor_lo_moro_doris,120,maggioli_2025_sections_mayor_xml,extracted_pending_totals_validation,maggioli_candidate_number=1
comunali_lamezia_2025,1,27,comunali_lamezia_2025_mayor_bevilacqua_gianpaolo,108,maggioli_2025_sections_mayor_xml,extracted_pending_totals_validation,maggioli_candidate_number=2
comunali_lamezia_2025,1,27,comunali_lamezia_2025_mayor_murone_mario,109,maggioli_2025_sections_mayor_xml,extracted_pending_totals_validation,maggioli_candidate_number=3
comunali_lamezia_2025,1,28,comunali_lamezia_2025_mayor_lo_moro_doris,115,maggioli_2025_sections_mayor_xml,extracted_pending_totals_validation,maggioli_candidate_number=1
comunali_lamezia_2025,1,28,comunali_lamezia_2025_mayor_bevilacqua_gianpaolo,86,maggioli_2025_sections_mayor_xml,extracted_pending_totals_validation,maggioli_candidate_number=2
comunali_lamezia_2025,1,28,comunali_lamezia_2025_mayor_murone_mario,165,maggioli_2025_sections_mayor_xml,extracted_pending_totals_validation,maggioli_candidate_number=3
comunali_lamezia_2025,1,29,comunali_lamezia_2025_mayor_lo_moro_doris,165,maggioli_2025_sections_mayor_xml,extracted_pending_totals_validation,maggioli_candidate_number=1
comunali_lamezia_2025,1,29,comunali_lamezia_2025_mayor_bevilacqua_gianpaolo,165,maggioli_2025_sections_mayor_xml,extracted_pending_totals_validation,maggioli_candidate_number=2
comunali_lamezia_2025,1,29,comunali_lamezia_2025_mayor_murone_mario,269,maggioli_2025_sections_mayor_xml,extracted_pending_totals_validation,maggioli_candidate_number=3
comunali_lamezia_2025,1,30,comunali_lamezia_2025_mayor_lo_moro_doris,149,maggioli_2025_sections_mayor_xml,extracted_pending_totals_validation,maggioli_candidate_number=1
comunali_lamezia_2025,1,30,comunali_lamezia_2025_mayor_bevilacqua_gianpaolo,91,maggioli_2025_sections_mayor_xml,extracted_pending_totals_validation,maggioli_candidate_number=2
comunali_lamezia_2025,1,30,comunali_lamezia_2025_mayor_murone_mario,263,maggioli_2025_sections_mayor_xml,extracted_pending_totals_validation,maggioli_candidate_number=3
comunali_lamezia_2025,1,31,comunali_lamezia_2025_mayor_lo_moro_doris,130,maggioli_2025_sections_mayor_xml,extracted_pending_totals_validation,maggioli_candidate_number=1
comunali_lamezia_2025,1,31,comunali_lamezia_2025_mayor_bevilacqua_gianpaolo,132,maggioli_2025_sections_mayor_xml,extracted_pending_totals_validation,maggioli_candidate_number=2
comunali_lamezia_2025,1,31,comunali_lamezia_2025_mayor_murone_mario,226,maggioli_2025_sections_mayor_xml,extracted_pending_totals_validation,maggioli_candidate_number=3
comunali_lamezia_2025,1,32,comunali_lamezia_2025_mayor_lo_moro_doris,166,maggioli_2025_sections_mayor_xml,extracted_pending_totals_validation,maggioli_candidate_number=1
comunali_lamezia_2025,1,32,comunali_lamezia_2025_mayor_bevilacqua_gianpaolo,66,maggioli_2025_sections_mayor_xml,extracted_pending_totals_validation,maggioli_candidate_number=2
comunali_lamezia_2025,1,32,comunali_lamezia_2025_mayor_murone_mario,400,maggioli_2025_sections_mayor_xml,extracted_pending_totals_validation,maggioli_candidate_number=3
comunali_lamezia_2025,1,33,comunali_lamezia_2025_mayor_lo_moro_doris,109,maggioli_2025_sections_mayor_xml,extracted_pending_totals_validation,maggioli_candidate_number=1
comunali_lamezia_2025,1,33,comunali_lamezia_2025_mayor_bevilacqua_gianpaolo,42,maggioli_2025_sections_mayor_xml,extracted_pending_totals_validation,maggioli_candidate_number=2
comunali_lamezia_2025,1,33,comunali_lamezia_2025_mayor_murone_mario,190,maggioli_2025_sections_mayor_xml,extracted_pending_totals_validation,maggioli_candidate_number=3
comunali_lamezia_2025,1,34,comunali_lamezia_2025_mayor_lo_moro_doris,56,maggioli_2025_sections_mayor_xml,extracted_pending_totals_validation,maggioli_candidate_number=1
comunali_lamezia_2025,1,34,comunali_lamezia_2025_mayor_bevilacqua_gianpaolo,35,maggioli_2025_sections_mayor_xml,extracted_pending_totals_validation,maggioli_candidate_number=2
comunali_lamezia_2025,1,34,comunali_lamezia_2025_mayor_murone_mario,177,maggioli_2025_sections_mayor_xml,extracted_pending_totals_validation,maggioli_candidate_number=3
comunali_lamezia_2025,1,35,comunali_lamezia_2025_mayor_lo_moro_doris,105,maggioli_2025_sections_mayor_xml,extracted_pending_totals_validation,maggioli_candidate_number=1
comunali_lamezia_2025,1,35,comunali_lamezia_2025_mayor_bevilacqua_gianpaolo,91,maggioli_2025_sections_mayor_xml,extracted_pending_totals_validation,maggioli_candidate_number=2
comunali_lamezia_2025,1,35,comunali_lamezia_2025_mayor_murone_mario,362,maggioli_2025_sections_mayor_xml,extracted_pending_totals_validation,maggioli_candidate_number=3
comunali_lamezia_2025,1,36,comunali_lamezia_2025_mayor_lo_moro_doris,87,maggioli_2025_sections_mayor_xml,extracted_pending_totals_validation,maggioli_candidate_number=1
comunali_lamezia_2025,1,36,comunali_lamezia_2025_mayor_bevilacqua_gianpaolo,53,maggioli_2025_sections_mayor_xml,extracted_pending_totals_validation,maggioli_candidate_number=2
comunali_lamezia_2025,1,36,comunali_lamezia_2025_mayor_murone_mario,243,maggioli_2025_sections_mayor_xml,extracted_pending_totals_validation,maggioli_candidate_number=3
comunali_lamezia_2025,1,37,comunali_lamezia_2025_mayor_lo_moro_doris,157,maggioli_2025_sections_mayor_xml,extracted_pending_totals_validation,maggioli_candidate_number=1
comunali_lamezia_2025,1,37,comunali_lamezia_2025_mayor_bevilacqua_gianpaolo,95,maggioli_2025_sections_mayor_xml,extracted_pending_totals_validation,maggioli_candidate_number=2
comunali_lamezia_2025,1,37,comunali_lamezia_2025_mayor_murone_mario,318,maggioli_2025_sections_mayor_xml,extracted_pending_totals_validation,maggioli_candidate_number=3
comunali_lamezia_2025,1,38,comunali_lamezia_2025_mayor_lo_moro_doris,77,maggioli_2025_sections_mayor_xml,extracted_pending_totals_validation,maggioli_candidate_number=1
comunali_lamezia_2025,1,38,comunali_lamezia_2025_mayor_bevilacqua_gianpaolo,60,maggioli_2025_sections_mayor_xml,extracted_pending_totals_validation,maggioli_candidate_number=2
comunali_lamezia_2025,1,38,comunali_lamezia_2025_mayor_murone_mario,213,maggioli_2025_sections_mayor_xml,extracted_pending_totals_validation,maggioli_candidate_number=3
comunali_lamezia_2025,1,39,comunali_lamezia_2025_mayor_lo_moro_doris,116,maggioli_2025_sections_mayor_xml,extracted_pending_totals_validation,maggioli_candidate_number=1
comunali_lamezia_2025,1,39,comunali_lamezia_2025_mayor_bevilacqua_gianpaolo,76,maggioli_2025_sections_mayor_xml,extracted_pending_totals_validation,maggioli_candidate_number=2
comunali_lamezia_2025,1,39,comunali_lamezia_2025_mayor_murone_mario,210,maggioli_2025_sections_mayor_xml,extracted_pending_totals_validation,maggioli_candidate_number=3
comunali_lamezia_2025,1,40,comunali_lamezia_2025_mayor_lo_moro_doris,114,maggioli_2025_sections_mayor_xml,extracted_pending_totals_validation,maggioli_candidate_number=1
comunali_lamezia_2025,1,40,comunali_lamezia_2025_mayor_bevilacqua_gianpaolo,50,maggioli_2025_sections_mayor_xml,extracted_pending_totals_validation,maggioli_candidate_number=2
comunali_lamezia_2025,1,40,comunali_lamezia_2025_mayor_murone_mario,224,maggioli_2025_sections_mayor_xml,extracted_pending_totals_validation,maggioli_candidate_number=3
comunali_lamezia_2025,1,41,comunali_lamezia_2025_mayor_lo_moro_doris,180,maggioli_2025_sections_mayor_xml,extracted_pending_totals_validation,maggioli_candidate_number=1
comunali_lamezia_2025,1,41,comunali_lamezia_2025_mayor_bevilacqua_gianpaolo,140,maggioli_2025_sections_mayor_xml,extracted_pending_totals_validation,maggioli_candidate_number=2
comunali_lamezia_2025,1,41,comunali_lamezia_2025_mayor_murone_mario,371,maggioli_2025_sections_mayor_xml,extracted_pending_totals_validation,maggioli_candidate_number=3
comunali_lamezia_2025,1,42,comunali_lamezia_2025_mayor_lo_moro_doris,84,maggioli_2025_sections_mayor_xml,extracted_pending_totals_validation,maggioli_candidate_number=1
comunali_lamezia_2025,1,42,comunali_lamezia_2025_mayor_bevilacqua_gianpaolo,40,maggioli_2025_sections_mayor_xml,extracted_pending_totals_validation,maggioli_candidate_number=2
comunali_lamezia_2025,1,42,comunali_lamezia_2025_mayor_murone_mario,176,maggioli_2025_sections_mayor_xml,extracted_pending_totals_validation,maggioli_candidate_number=3
comunali_lamezia_2025,1,43,comunali_lamezia_2025_mayor_lo_moro_doris,95,maggioli_2025_sections_mayor_xml,extracted_pending_totals_validation,maggioli_candidate_number=1
comunali_lamezia_2025,1,43,comunali_lamezia_2025_mayor_bevilacqua_gianpaolo,52,maggioli_2025_sections_mayor_xml,extracted_pending_totals_validation,maggioli_candidate_number=2
comunali_lamezia_2025,1,43,comunali_lamezia_2025_mayor_murone_mario,214,maggioli_2025_sections_mayor_xml,extracted_pending_totals_validation,maggioli_candidate_number=3
comunali_lamezia_2025,1,44,comunali_lamezia_2025_mayor_lo_moro_doris,33,maggioli_2025_sections_mayor_xml,extracted_pending_totals_validation,maggioli_candidate_number=1
comunali_lamezia_2025,1,44,comunali_lamezia_2025_mayor_bevilacqua_gianpaolo,75,maggioli_2025_sections_mayor_xml,extracted_pending_totals_validation,maggioli_candidate_number=2
comunali_lamezia_2025,1,44,comunali_lamezia_2025_mayor_murone_mario,233,maggioli_2025_sections_mayor_xml,extracted_pending_totals_validation,maggioli_candidate_number=3
comunali_lamezia_2025,1,45,comunali_lamezia_2025_mayor_lo_moro_doris,54,maggioli_2025_sections_mayor_xml,extracted_pending_totals_validation,maggioli_candidate_number=1
comunali_lamezia_2025,1,45,comunali_lamezia_2025_mayor_bevilacqua_gianpaolo,17,maggioli_2025_sections_mayor_xml,extracted_pending_totals_validation,maggioli_candidate_number=2
comunali_lamezia_2025,1,45,comunali_lamezia_2025_mayor_murone_mario,84,maggioli_2025_sections_mayor_xml,extracted_pending_totals_validation,maggioli_candidate_number=3
comunali_lamezia_2025,1,46,comunali_lamezia_2025_mayor_lo_moro_doris,29,maggioli_2025_sections_mayor_xml,extracted_pending_totals_validation,maggioli_candidate_number=1
comunali_lamezia_2025,1,46,comunali_lamezia_2025_mayor_bevilacqua_gianpaolo,10,maggioli_2025_sections_mayor_xml,extracted_pending_totals_validation,maggioli_candidate_number=2
comunali_lamezia_2025,1,46,comunali_lamezia_2025_mayor_murone_mario,146,maggioli_2025_sections_mayor_xml,extracted_pending_totals_validation,maggioli_candidate_number=3
comunali_lamezia_2025,1,47,comunali_lamezia_2025_mayor_lo_moro_doris,6,maggioli_2025_sections_mayor_xml,extracted_pending_totals_validation,maggioli_candidate_number=1
comunali_lamezia_2025,1,47,comunali_lamezia_2025_mayor_bevilacqua_gianpaolo,0,maggioli_2025_sections_mayor_xml,extracted_pending_totals_validation,maggioli_candidate_number=2
comunali_lamezia_2025,1,47,comunali_lamezia_2025_mayor_murone_mario,49,maggioli_2025_sections_mayor_xml,extracted_pending_totals_validation,maggioli_candidate_number=3
comunali_lamezia_2025,1,48,comunali_lamezia_2025_mayor_lo_moro_doris,22,maggioli_2025_sections_mayor_xml,extracted_pending_totals_validation,maggioli_candidate_number=1
comunali_lamezia_2025,1,48,comunali_lamezia_2025_mayor_bevilacqua_gianpaolo,5,maggioli_2025_sections_mayor_xml,extracted_pending_totals_validation,maggioli_candidate_number=2
comunali_lamezia_2025,1,48,comunali_lamezia_2025_mayor_murone_mario,30,maggioli_2025_sections_mayor_xml,extracted_pending_totals_validation,maggioli_candidate_number=3
comunali_lamezia_2025,1,49,comunali_lamezia_2025_mayor_lo_moro_doris,86,maggioli_2025_sections_mayor_xml,extracted_pending_totals_validation,maggioli_candidate_number=1
comunali_lamezia_2025,1,49,comunali_lamezia_2025_mayor_bevilacqua_gianpaolo,36,maggioli_2025_sections_mayor_xml,extracted_pending_totals_validation,maggioli_candidate_number=2
comunali_lamezia_2025,1,49,comunali_lamezia_2025_mayor_murone_mario,161,maggioli_2025_sections_mayor_xml,extracted_pending_totals_validation,maggioli_candidate_number=3
comunali_lamezia_2025,1,50,comunali_lamezia_2025_mayor_lo_moro_doris,134,maggioli_2025_sections_mayor_xml,extracted_pending_totals_validation,maggioli_candidate_number=1
comunali_lamezia_2025,1,50,comunali_lamezia_2025_mayor_bevilacqua_gianpaolo,70,maggioli_2025_sections_mayor_xml,extracted_pending_totals_validation,maggioli_candidate_number=2
comunali_lamezia_2025,1,50,comunali_lamezia_2025_mayor_murone_mario,336,maggioli_2025_sections_mayor_xml,extracted_pending_totals_validation,maggioli_candidate_number=3
comunali_lamezia_2025,1,51,comunali_lamezia_2025_mayor_lo_moro_doris,79,maggioli_2025_sections_mayor_xml,extracted_pending_totals_validation,maggioli_candidate_number=1
comunali_lamezia_2025,1,51,comunali_lamezia_2025_mayor_bevilacqua_gianpaolo,11,maggioli_2025_sections_mayor_xml,extracted_pending_totals_validation,maggioli_candidate_number=2
comunali_lamezia_2025,1,51,comunali_lamezia_2025_mayor_murone_mario,146,maggioli_2025_sections_mayor_xml,extracted_pending_totals_validation,maggioli_candidate_number=3
comunali_lamezia_2025,1,52,comunali_lamezia_2025_mayor_lo_moro_doris,211,maggioli_2025_sections_mayor_xml,extracted_pending_totals_validation,maggioli_candidate_number=1
comunali_lamezia_2025,1,52,comunali_lamezia_2025_mayor_bevilacqua_gianpaolo,74,maggioli_2025_sections_mayor_xml,extracted_pending_totals_validation,maggioli_candidate_number=2
comunali_lamezia_2025,1,52,comunali_lamezia_2025_mayor_murone_mario,328,maggioli_2025_sections_mayor_xml,extracted_pending_totals_validation,maggioli_candidate_number=3
comunali_lamezia_2025,1,53,comunali_lamezia_2025_mayor_lo_moro_doris,223,maggioli_2025_sections_mayor_xml,extracted_pending_totals_validation,maggioli_candidate_number=1
comunali_lamezia_2025,1,53,comunali_lamezia_2025_mayor_bevilacqua_gianpaolo,115,maggioli_2025_sections_mayor_xml,extracted_pending_totals_validation,maggioli_candidate_number=2
comunali_lamezia_2025,1,53,comunali_lamezia_2025_mayor_murone_mario,348,maggioli_2025_sections_mayor_xml,extracted_pending_totals_validation,maggioli_candidate_number=3
comunali_lamezia_2025,1,54,comunali_lamezia_2025_mayor_lo_moro_doris,154,maggioli_2025_sections_mayor_xml,extracted_pending_totals_validation,maggioli_candidate_number=1
comunali_lamezia_2025,1,54,comunali_lamezia_2025_mayor_bevilacqua_gianpaolo,74,maggioli_2025_sections_mayor_xml,extracted_pending_totals_validation,maggioli_candidate_number=2
comunali_lamezia_2025,1,54,comunali_lamezia_2025_mayor_murone_mario,304,maggioli_2025_sections_mayor_xml,extracted_pending_totals_validation,maggioli_candidate_number=3
comunali_lamezia_2025,1,55,comunali_lamezia_2025_mayor_lo_moro_doris,208,maggioli_2025_sections_mayor_xml,extracted_pending_totals_validation,maggioli_candidate_number=1
comunali_lamezia_2025,1,55,comunali_lamezia_2025_mayor_bevilacqua_gianpaolo,67,maggioli_2025_sections_mayor_xml,extracted_pending_totals_validation,maggioli_candidate_number=2
comunali_lamezia_2025,1,55,comunali_lamezia_2025_mayor_murone_mario,327,maggioli_2025_sections_mayor_xml,extracted_pending_totals_validation,maggioli_candidate_number=3
comunali_lamezia_2025,1,56,comunali_lamezia_2025_mayor_lo_moro_doris,55,maggioli_2025_sections_mayor_xml,extracted_pending_totals_validation,maggioli_candidate_number=1
comunali_lamezia_2025,1,56,comunali_lamezia_2025_mayor_bevilacqua_gianpaolo,45,maggioli_2025_sections_mayor_xml,extracted_pending_totals_validation,maggioli_candidate_number=2
comunali_lamezia_2025,1,56,comunali_lamezia_2025_mayor_murone_mario,173,maggioli_2025_sections_mayor_xml,extracted_pending_totals_validation,maggioli_candidate_number=3
comunali_lamezia_2025,1,57,comunali_lamezia_2025_mayor_lo_moro_doris,68,maggioli_2025_sections_mayor_xml,extracted_pending_totals_validation,maggioli_candidate_number=1
comunali_lamezia_2025,1,57,comunali_lamezia_2025_mayor_bevilacqua_gianpaolo,61,maggioli_2025_sections_mayor_xml,extracted_pending_totals_validation,maggioli_candidate_number=2
comunali_lamezia_2025,1,57,comunali_lamezia_2025_mayor_murone_mario,153,maggioli_2025_sections_mayor_xml,extracted_pending_totals_validation,maggioli_candidate_number=3
comunali_lamezia_2025,1,58,comunali_lamezia_2025_mayor_lo_moro_doris,129,maggioli_2025_sections_mayor_xml,extracted_pending_totals_validation,maggioli_candidate_number=1
comunali_lamezia_2025,1,58,comunali_lamezia_2025_mayor_bevilacqua_gianpaolo,144,maggioli_2025_sections_mayor_xml,extracted_pending_totals_validation,maggioli_candidate_number=2
comunali_lamezia_2025,1,58,comunali_lamezia_2025_mayor_murone_mario,253,maggioli_2025_sections_mayor_xml,extracted_pending_totals_validation,maggioli_candidate_number=3
comunali_lamezia_2025,1,59,comunali_lamezia_2025_mayor_lo_moro_doris,254,maggioli_2025_sections_mayor_xml,extracted_pending_totals_validation,maggioli_candidate_number=1
comunali_lamezia_2025,1,59,comunali_lamezia_2025_mayor_bevilacqua_gianpaolo,132,maggioli_2025_sections_mayor_xml,extracted_pending_totals_validation,maggioli_candidate_number=2
comunali_lamezia_2025,1,59,comunali_lamezia_2025_mayor_murone_mario,180,maggioli_2025_sections_mayor_xml,extracted_pending_totals_validation,maggioli_candidate_number=3
comunali_lamezia_2025,1,60,comunali_lamezia_2025_mayor_lo_moro_doris,228,maggioli_2025_sections_mayor_xml,extracted_pending_totals_validation,maggioli_candidate_number=1
comunali_lamezia_2025,1,60,comunali_lamezia_2025_mayor_bevilacqua_gianpaolo,182,maggioli_2025_sections_mayor_xml,extracted_pending_totals_validation,maggioli_candidate_number=2
comunali_lamezia_2025,1,60,comunali_lamezia_2025_mayor_murone_mario,180,maggioli_2025_sections_mayor_xml,extracted_pending_totals_validation,maggioli_candidate_number=3
comunali_lamezia_2025,1,61,comunali_lamezia_2025_mayor_lo_moro_doris,183,maggioli_2025_sections_mayor_xml,extracted_pending_totals_validation,maggioli_candidate_number=1
comunali_lamezia_2025,1,61,comunali_lamezia_2025_mayor_bevilacqua_gianpaolo,227,maggioli_2025_sections_mayor_xml,extracted_pending_totals_validation,maggioli_candidate_number=2
comunali_lamezia_2025,1,61,comunali_lamezia_2025_mayor_murone_mario,232,maggioli_2025_sections_mayor_xml,extracted_pending_totals_validation,maggioli_candidate_number=3
comunali_lamezia_2025,1,62,comunali_lamezia_2025_mayor_lo_moro_doris,262,maggioli_2025_sections_mayor_xml,extracted_pending_totals_validation,maggioli_candidate_number=1
comunali_lamezia_2025,1,62,comunali_lamezia_2025_mayor_bevilacqua_gianpaolo,198,maggioli_2025_sections_mayor_xml,extracted_pending_totals_validation,maggioli_candidate_number=2
comunali_lamezia_2025,1,62,comunali_lamezia_2025_mayor_murone_mario,267,maggioli_2025_sections_mayor_xml,extracted_pending_totals_validation,maggioli_candidate_number=3
comunali_lamezia_2025,1,63,comunali_lamezia_2025_mayor_lo_moro_doris,202,maggioli_2025_sections_mayor_xml,extracted_pending_totals_validation,maggioli_candidate_number=1
comunali_lamezia_2025,1,63,comunali_lamezia_2025_mayor_bevilacqua_gianpaolo,251,maggioli_2025_sections_mayor_xml,extracted_pending_totals_validation,maggioli_candidate_number=2
comunali_lamezia_2025,1,63,comunali_lamezia_2025_mayor_murone_mario,280,maggioli_2025_sections_mayor_xml,extracted_pending_totals_validation,maggioli_candidate_number=3
comunali_lamezia_2025,1,64,comunali_lamezia_2025_mayor_lo_moro_doris,167,maggioli_2025_sections_mayor_xml,extracted_pending_totals_validation,maggioli_candidate_number=1
comunali_lamezia_2025,1,64,comunali_lamezia_2025_mayor_bevilacqua_gianpaolo,185,maggioli_2025_sections_mayor_xml,extracted_pending_totals_validation,maggioli_candidate_number=2
comunali_lamezia_2025,1,64,comunali_lamezia_2025_mayor_murone_mario,209,maggioli_2025_sections_mayor_xml,extracted_pending_totals_validation,maggioli_candidate_number=3
comunali_lamezia_2025,1,65,comunali_lamezia_2025_mayor_lo_moro_doris,217,maggioli_2025_sections_mayor_xml,extracted_pending_totals_validation,maggioli_candidate_number=1
comunali_lamezia_2025,1,65,comunali_lamezia_2025_mayor_bevilacqua_gianpaolo,296,maggioli_2025_sections_mayor_xml,extracted_pending_totals_validation,maggioli_candidate_number=2
comunali_lamezia_2025,1,65,comunali_lamezia_2025_mayor_murone_mario,286,maggioli_2025_sections_mayor_xml,extracted_pending_totals_validation,maggioli_candidate_number=3
comunali_lamezia_2025,1,66,comunali_lamezia_2025_mayor_lo_moro_doris,149,maggioli_2025_sections_mayor_xml,extracted_pending_totals_validation,maggioli_candidate_number=1
comunali_lamezia_2025,1,66,comunali_lamezia_2025_mayor_bevilacqua_gianpaolo,186,maggioli_2025_sections_mayor_xml,extracted_pending_totals_validation,maggioli_candidate_number=2
comunali_lamezia_2025,1,66,comunali_lamezia_2025_mayor_murone_mario,221,maggioli_2025_sections_mayor_xml,extracted_pending_totals_validation,maggioli_candidate_number=3
comunali_lamezia_2025,1,67,comunali_lamezia_2025_mayor_lo_moro_doris,163,maggioli_2025_sections_mayor_xml,extracted_pending_totals_validation,maggioli_candidate_number=1
comunali_lamezia_2025,1,67,comunali_lamezia_2025_mayor_bevilacqua_gianpaolo,239,maggioli_2025_sections_mayor_xml,extracted_pending_totals_validation,maggioli_candidate_number=2
comunali_lamezia_2025,1,67,comunali_lamezia_2025_mayor_murone_mario,267,maggioli_2025_sections_mayor_xml,extracted_pending_totals_validation,maggioli_candidate_number=3
comunali_lamezia_2025,1,68,comunali_lamezia_2025_mayor_lo_moro_doris,185,maggioli_2025_sections_mayor_xml,extracted_pending_totals_validation,maggioli_candidate_number=1
comunali_lamezia_2025,1,68,comunali_lamezia_2025_mayor_bevilacqua_gianpaolo,172,maggioli_2025_sections_mayor_xml,extracted_pending_totals_validation,maggioli_candidate_number=2
comunali_lamezia_2025,1,68,comunali_lamezia_2025_mayor_murone_mario,214,maggioli_2025_sections_mayor_xml,extracted_pending_totals_validation,maggioli_candidate_number=3
comunali_lamezia_2025,1,69,comunali_lamezia_2025_mayor_lo_moro_doris,185,maggioli_2025_sections_mayor_xml,extracted_pending_totals_validation,maggioli_candidate_number=1
comunali_lamezia_2025,1,69,comunali_lamezia_2025_mayor_bevilacqua_gianpaolo,215,maggioli_2025_sections_mayor_xml,extracted_pending_totals_validation,maggioli_candidate_number=2
comunali_lamezia_2025,1,69,comunali_lamezia_2025_mayor_murone_mario,219,maggioli_2025_sections_mayor_xml,extracted_pending_totals_validation,maggioli_candidate_number=3
comunali_lamezia_2025,1,70,comunali_lamezia_2025_mayor_lo_moro_doris,119,maggioli_2025_sections_mayor_xml,extracted_pending_totals_validation,maggioli_candidate_number=1
comunali_lamezia_2025,1,70,comunali_lamezia_2025_mayor_bevilacqua_gianpaolo,301,maggioli_2025_sections_mayor_xml,extracted_pending_totals_validation,maggioli_candidate_number=2
comunali_lamezia_2025,1,70,comunali_lamezia_2025_mayor_murone_mario,198,maggioli_2025_sections_mayor_xml,extracted_pending_totals_validation,maggioli_candidate_number=3
comunali_lamezia_2025,1,71,comunali_lamezia_2025_mayor_lo_moro_doris,155,maggioli_2025_sections_mayor_xml,extracted_pending_totals_validation,maggioli_candidate_number=1
comunali_lamezia_2025,1,71,comunali_lamezia_2025_mayor_bevilacqua_gianpaolo,342,maggioli_2025_sections_mayor_xml,extracted_pending_totals_validation,maggioli_candidate_number=2
comunali_lamezia_2025,1,71,comunali_lamezia_2025_mayor_murone_mario,268,maggioli_2025_sections_mayor_xml,extracted_pending_totals_validation,maggioli_candidate_number=3
comunali_lamezia_2025,1,72,comunali_lamezia_2025_mayor_lo_moro_doris,240,maggioli_2025_sections_mayor_xml,extracted_pending_totals_validation,maggioli_candidate_number=1
comunali_lamezia_2025,1,72,comunali_lamezia_2025_mayor_bevilacqua_gianpaolo,175,maggioli_2025_sections_mayor_xml,extracted_pending_totals_validation,maggioli_candidate_number=2
comunali_lamezia_2025,1,72,comunali_lamezia_2025_mayor_murone_mario,214,maggioli_2025_sections_mayor_xml,extracted_pending_totals_validation,maggioli_candidate_number=3
comunali_lamezia_2025,1,73,comunali_lamezia_2025_mayor_lo_moro_doris,183,maggioli_2025_sections_mayor_xml,extracted_pending_totals_validation,maggioli_candidate_number=1
comunali_lamezia_2025,1,73,comunali_lamezia_2025_mayor_bevilacqua_gianpaolo,268,maggioli_2025_sections_mayor_xml,extracted_pending_totals_validation,maggioli_candidate_number=2
comunali_lamezia_2025,1,73,comunali_lamezia_2025_mayor_murone_mario,221,maggioli_2025_sections_mayor_xml,extracted_pending_totals_validation,maggioli_candidate_number=3
comunali_lamezia_2025,1,74,comunali_lamezia_2025_mayor_lo_moro_doris,261,maggioli_2025_sections_mayor_xml,extracted_pending_totals_validation,maggioli_candidate_number=1
comunali_lamezia_2025,1,74,comunali_lamezia_2025_mayor_bevilacqua_gianpaolo,135,maggioli_2025_sections_mayor_xml,extracted_pending_totals_validation,maggioli_candidate_number=2
comunali_lamezia_2025,1,74,comunali_lamezia_2025_mayor_murone_mario,164,maggioli_2025_sections_mayor_xml,extracted_pending_totals_validation,maggioli_candidate_number=3
comunali_lamezia_2025,1,75,comunali_lamezia_2025_mayor_lo_moro_doris,183,maggioli_2025_sections_mayor_xml,extracted_pending_totals_validation,maggioli_candidate_number=1
comunali_lamezia_2025,1,75,comunali_lamezia_2025_mayor_bevilacqua_gianpaolo,103,maggioli_2025_sections_mayor_xml,extracted_pending_totals_validation,maggioli_candidate_number=2
comunali_lamezia_2025,1,75,comunali_lamezia_2025_mayor_murone_mario,359,maggioli_2025_sections_mayor_xml,extracted_pending_totals_validation,maggioli_candidate_number=3
comunali_lamezia_2025,1,76,comunali_lamezia_2025_mayor_lo_moro_doris,199,maggioli_2025_sections_mayor_xml,extracted_pending_totals_validation,maggioli_candidate_number=1
comunali_lamezia_2025,1,76,comunali_lamezia_2025_mayor_bevilacqua_gianpaolo,143,maggioli_2025_sections_mayor_xml,extracted_pending_totals_validation,maggioli_candidate_number=2
comunali_lamezia_2025,1,76,comunali_lamezia_2025_mayor_murone_mario,444,maggioli_2025_sections_mayor_xml,extracted_pending_totals_validation,maggioli_candidate_number=3
comunali_lamezia_2025,1,77,comunali_lamezia_2025_mayor_lo_moro_doris,226,maggioli_2025_sections_mayor_xml,extracted_pending_totals_validation,maggioli_candidate_number=1
comunali_lamezia_2025,1,77,comunali_lamezia_2025_mayor_bevilacqua_gianpaolo,220,maggioli_2025_sections_mayor_xml,extracted_pending_totals_validation,maggioli_candidate_number=2
comunali_lamezia_2025,1,77,comunali_lamezia_2025_mayor_murone_mario,391,maggioli_2025_sections_mayor_xml,extracted_pending_totals_validation,maggioli_candidate_number=3
comunali_lamezia_2025,1,78,comunali_lamezia_2025_mayor_lo_moro_doris,4,maggioli_2025_sections_mayor_xml,extracted_pending_totals_validation,maggioli_candidate_number=1
comunali_lamezia_2025,1,78,comunali_lamezia_2025_mayor_bevilacqua_gianpaolo,3,maggioli_2025_sections_mayor_xml,extracted_pending_totals_validation,maggioli_candidate_number=2
comunali_lamezia_2025,1,78,comunali_lamezia_2025_mayor_murone_mario,8,maggioli_2025_sections_mayor_xml,extracted_pending_totals_validation,maggioli_candidate_number=3
