provider_batch_id,batch_rank,access_id,address_query,street,house_number,house_number_suffix,city,province,region,country,source_lon,source_lat,coordinate_quality_flag,coordinate_suspect_reason,source_diagnosis,recovery_action,existing_geocoder_status,existing_geocoder_provider_confidence,local_anchor_status,local_anchor_confidence,local_anchor_lon,local_anchor_lat,local_anchor_distance_from_source_m,requested_provider_instruction,result_lon,result_lat,result_accuracy_m,result_confidence,result_match_type,result_provider,result_raw_id,result_notes
anncsu_dedicated_geocoder_batch_1_2025,1,3512036,"VIA AURELIO CASSIODORO 40, Lamezia Terme, Catanzaro, Calabria, Italia",VIA AURELIO CASSIODORO,40,,Lamezia Terme,Catanzaro,Calabria,Italia,16.3371276,38.948688,street_context_mismatch,point is near validated ANNCSU civics labelled VIA ALDO MORO (5 of nearby context within 120 m),suspect_coordinate_present_in_original_anncsu_raw,external_geocode_candidate_plus_human_review,,,candidate_requires_human_review,medium,16.3144384,38.9681696,2922.6,P2_dedicated_provider_high_value,,,,,,,,
anncsu_dedicated_geocoder_batch_1_2025,2,3512670,"CONTRADA GABELLA CARDOLO 12, Lamezia Terme, Catanzaro, Calabria, Italia",CONTRADA GABELLA CARDOLO,12,,Lamezia Terme,Catanzaro,Calabria,Italia,16.3400628,38.9645178,street_context_mismatch,point is near validated ANNCSU civics labelled CONTRADA GABELLA (8 of nearby context within 120 m),suspect_coordinate_present_in_original_anncsu_raw,external_geocode_candidate_plus_human_review,,,candidate_requires_human_review,low,16.3455808,38.9516388,1509.5,P2_dedicated_provider_high_value,,,,,,,,
anncsu_dedicated_geocoder_batch_1_2025,3,3514824,"CONTRADA AGLI 18, Lamezia Terme, Catanzaro, Calabria, Italia",CONTRADA AGLI,18,,Lamezia Terme,Catanzaro,Calabria,Italia,16.3030348,38.9905196,outside_boundary,outside municipal boundary candidate by 146.0 m; 3559.2 m from same-street cluster centroid; nearest same-street civic is 808.2 m away; progressive civic-number neighbour is 4032.2 m away,suspect_coordinate_present_in_original_anncsu_raw,boundary_check_then_external_geocode_if_needed,,,candidate_requires_human_review,medium,16.3454583,38.9755658,4026.3,P2_dedicated_provider_high_value,,,,,,,,
anncsu_dedicated_geocoder_batch_1_2025,4,3515052,"VIA DEGLI AUSONI 97, Lamezia Terme, Catanzaro, Calabria, Italia",VIA DEGLI AUSONI,97,,Lamezia Terme,Catanzaro,Calabria,Italia,16.3287544,38.9444328,street_context_mismatch,point is near validated ANNCSU civics labelled VIA DELLE IMPRESE (4 of nearby context within 120 m),suspect_coordinate_present_in_original_anncsu_raw,external_geocode_candidate_plus_human_review,,,candidate_requires_human_review,low,16.3333813,38.9507649,809.9,P2_dedicated_provider_high_value,,,,,,,,
anncsu_dedicated_geocoder_batch_1_2025,5,3515430,"CONTRADA MARSOMIGLIO 5, Lamezia Terme, Catanzaro, Calabria, Italia",CONTRADA MARSOMIGLIO,5,,Lamezia Terme,Catanzaro,Calabria,Italia,16.2463872,38.9653402,street_context_mismatch,point is near validated ANNCSU civics labelled CONTRADA SANTO SIDERO (4 of nearby context within 120 m),suspect_coordinate_present_in_original_anncsu_raw,external_geocode_candidate_plus_human_review,,,candidate_requires_human_review,low,16.3022247,38.9447975,5341.3,P2_dedicated_provider_high_value,,,,,,,,
anncsu_dedicated_geocoder_batch_1_2025,6,3516275,"VIA ISONZO 48, Lamezia Terme, Catanzaro, Calabria, Italia",VIA ISONZO,48,,Lamezia Terme,Catanzaro,Calabria,Italia,16.2872194,38.9693988,street_context_mismatch,point is near validated ANNCSU civics labelled VIA GIOVANNI BOCCACCIO (14 of nearby context within 120 m),suspect_coordinate_present_in_original_anncsu_raw,external_geocode_candidate_plus_human_review,,,candidate_requires_human_review,medium,16.3026034,38.9717706,1355.9,P2_dedicated_provider_high_value,,,,,,,,
anncsu_dedicated_geocoder_batch_1_2025,7,3516894,"VIA MONSIGNOR AZIO DAVOLI 124, Lamezia Terme, Catanzaro, Calabria, Italia",VIA MONSIGNOR AZIO DAVOLI,124,,Lamezia Terme,Catanzaro,Calabria,Italia,16.3384765,38.9528179,street_context_mismatch,point is near validated ANNCSU civics labelled VIA GIOACCHINO DA FIORE (5 of nearby context within 120 m),suspect_coordinate_present_in_original_anncsu_raw,external_geocode_candidate_plus_human_review,,,candidate_requires_human_review,medium,16.3282422,38.9575299,1028.4,P2_dedicated_provider_high_value,,,,,,,,
anncsu_dedicated_geocoder_batch_1_2025,8,3516923,"VIA MONSIGNOR AZIO DAVOLI 82, Lamezia Terme, Catanzaro, Calabria, Italia",VIA MONSIGNOR AZIO DAVOLI,82,,Lamezia Terme,Catanzaro,Calabria,Italia,16.2841628,38.9466924,street_context_mismatch,point is near validated ANNCSU civics labelled VIA SAVUTANO (5 of nearby context within 120 m),suspect_coordinate_present_in_original_anncsu_raw,external_geocode_candidate_plus_human_review,,,candidate_requires_human_review,medium,16.3107669,38.9505709,2340.7,P2_dedicated_provider_high_value,,,,,,,,
anncsu_dedicated_geocoder_batch_1_2025,9,3517001,"CONTRADA MITOIO 127, Lamezia Terme, Catanzaro, Calabria, Italia",CONTRADA MITOIO,127,,Lamezia Terme,Catanzaro,Calabria,Italia,16.2484134,39.0124669,street_context_mismatch,point is near validated ANNCSU civics labelled CONTRADA MURETTO (6 of nearby context within 120 m),suspect_coordinate_present_in_original_anncsu_raw,external_geocode_candidate_plus_human_review,,,candidate_requires_human_review,low,16.248768,39.0110427,161.3,P2_dedicated_provider_high_value,,,,,,,,
anncsu_dedicated_geocoder_batch_1_2025,10,3517138,"CONTRADA ACQUADAUNZANO 366, Lamezia Terme, Catanzaro, Calabria, Italia",CONTRADA ACQUADAUNZANO,366,,Lamezia Terme,Catanzaro,Calabria,Italia,16.2674162,39.0009789,street_context_mismatch,point is near validated ANNCSU civics labelled CONTRADA ACQUADAUZANO (72 of nearby context within 120 m),suspect_coordinate_present_in_original_anncsu_raw,external_geocode_candidate_plus_human_review,no_candidate_returned,blank,no_candidate_returned,,,,,P2_dedicated_provider_high_value,,,,,,,,
anncsu_dedicated_geocoder_batch_1_2025,11,3517400,"CONTRADA FONTANELLA 2, Lamezia Terme, Catanzaro, Calabria, Italia",CONTRADA FONTANELLA,2,,Lamezia Terme,Catanzaro,Calabria,Italia,16.254892,39.0002016,street_context_mismatch,point is near validated ANNCSU civics labelled CONTRADA MIGLIERINA (5 of nearby context within 120 m),suspect_coordinate_present_in_original_anncsu_raw,external_geocode_candidate_plus_human_review,,,candidate_requires_human_review,low,16.3200091,38.976621,6208.8,P2_dedicated_provider_high_value,,,,,,,,
anncsu_dedicated_geocoder_batch_1_2025,12,3517404,"CONTRADA FONTANELLA 4, Lamezia Terme, Catanzaro, Calabria, Italia",CONTRADA FONTANELLA,4,,Lamezia Terme,Catanzaro,Calabria,Italia,16.2542104,39.0019043,street_context_mismatch,point is near validated ANNCSU civics labelled CONTRADA MIGLIERINA (7 of nearby context within 120 m),suspect_coordinate_present_in_original_anncsu_raw,external_geocode_candidate_plus_human_review,,,candidate_requires_human_review,low,16.3200091,38.976621,6343.8,P2_dedicated_provider_high_value,,,,,,,,
anncsu_dedicated_geocoder_batch_1_2025,13,3519375,"VIA PIETRO MANCINI 2, Lamezia Terme, Catanzaro, Calabria, Italia",VIA PIETRO MANCINI,2,,Lamezia Terme,Catanzaro,Calabria,Italia,16.3323669,38.933206,street_context_mismatch,point is near validated ANNCSU civics labelled VIA DEL PROGRESSO (10 of nearby context within 120 m),suspect_coordinate_present_in_original_anncsu_raw,external_geocode_candidate_plus_human_review,,,candidate_requires_human_review,low,16.3355746,38.9374939,551.6,P2_dedicated_provider_high_value,,,,,,,,
anncsu_dedicated_geocoder_batch_1_2025,14,3519385,"VIA PIETRO MANCINI 3, Lamezia Terme, Catanzaro, Calabria, Italia",VIA PIETRO MANCINI,3,,Lamezia Terme,Catanzaro,Calabria,Italia,16.3338563,38.9367633,street_context_mismatch,point is near validated ANNCSU civics labelled VIA CONCIAPELLE (6 of nearby context within 120 m),suspect_coordinate_present_in_original_anncsu_raw,external_geocode_candidate_plus_human_review,,,candidate_requires_human_review,low,16.3354464,38.9375742,164.5,P2_dedicated_provider_high_value,,,,,,,,
anncsu_dedicated_geocoder_batch_1_2025,15,3519778,"CONTRADA GABELLA 271, Lamezia Terme, Catanzaro, Calabria, Italia",CONTRADA GABELLA,271,,Lamezia Terme,Catanzaro,Calabria,Italia,16.291892,38.9797429,street_context_mismatch,point is near validated ANNCSU civics labelled CONTRADA PIANO LUPPINO (11 of nearby context within 120 m),suspect_coordinate_present_in_original_anncsu_raw,external_geocode_candidate_plus_human_review,,,candidate_requires_human_review,medium,16.2740308,38.9826273,1576.8,P2_dedicated_provider_high_value,,,,,,,,
anncsu_dedicated_geocoder_batch_1_2025,16,3519792,"CONTRADA GABELLA 326, Lamezia Terme, Catanzaro, Calabria, Italia",CONTRADA GABELLA,326,,Lamezia Terme,Catanzaro,Calabria,Italia,16.3472668,38.9609987,street_context_mismatch,point is near validated ANNCSU civics labelled CONTRADA PIOMBO ZAPPANOTTE (4 of nearby context within 120 m),suspect_coordinate_present_in_original_anncsu_raw,external_geocode_candidate_plus_human_review,,,candidate_requires_human_review,medium,16.3490489,38.9590909,262.2,P2_dedicated_provider_high_value,,,,,,,,
anncsu_dedicated_geocoder_batch_1_2025,17,3519797,"CONTRADA GABELLA 369, Lamezia Terme, Catanzaro, Calabria, Italia",CONTRADA GABELLA,369,,Lamezia Terme,Catanzaro,Calabria,Italia,16.3547812,38.9594227,street_context_mismatch,point is near validated ANNCSU civics labelled CONTRADA PIOMBO ZAPPANOTTE (8 of nearby context within 120 m),suspect_coordinate_present_in_original_anncsu_raw,external_geocode_candidate_plus_human_review,,,candidate_requires_human_review,medium,16.2740047,38.9825703,7442.4,P2_dedicated_provider_high_value,,,,,,,,
anncsu_dedicated_geocoder_batch_1_2025,18,3522438,"VIA GIOACCHINO MURAT 111, Lamezia Terme, Catanzaro, Calabria, Italia",VIA GIOACCHINO MURAT,111,,Lamezia Terme,Catanzaro,Calabria,Italia,16.3244874,38.9456708,street_context_mismatch,point is near validated ANNCSU civics labelled VIA DEGLI SVEVI (6 of nearby context within 120 m),suspect_coordinate_present_in_original_anncsu_raw,external_geocode_candidate_plus_human_review,,,candidate_requires_human_review,medium,16.3233014,38.9445329,162.9,P2_dedicated_provider_high_value,,,,,,,,
anncsu_dedicated_geocoder_batch_1_2025,19,3526015,"CONTRADA ANNUNZIATA 105, Lamezia Terme, Catanzaro, Calabria, Italia",CONTRADA ANNUNZIATA,105,,Lamezia Terme,Catanzaro,Calabria,Italia,16.3030348,38.9905196,outside_boundary,outside municipal boundary candidate by 146.0 m; progressive civic-number neighbour is 877.0 m away,suspect_coordinate_present_in_original_anncsu_raw,boundary_check_then_external_geocode_if_needed,,,candidate_requires_human_review,medium,16.3007554,38.9827821,882.6,P2_dedicated_provider_high_value,,,,,,,,
anncsu_dedicated_geocoder_batch_1_2025,20,3526187,"VIA CARMELINA TROPEA 11, Lamezia Terme, Catanzaro, Calabria, Italia",VIA CARMELINA TROPEA,11,,Lamezia Terme,Catanzaro,Calabria,Italia,16.3294081,38.9753401,street_context_mismatch,point is near validated ANNCSU civics labelled VIA BOLZANO (8 of nearby context within 120 m),suspect_coordinate_present_in_original_anncsu_raw,external_geocode_candidate_plus_human_review,,,candidate_requires_human_review,medium,16.3258418,38.9720918,474.9,P2_dedicated_provider_high_value,,,,,,,,
anncsu_dedicated_geocoder_batch_1_2025,21,3526189,"VIALE SAN FRANCESCO DI PAOLA 66, Lamezia Terme, Catanzaro, Calabria, Italia",VIALE SAN FRANCESCO DI PAOLA,66,,Lamezia Terme,Catanzaro,Calabria,Italia,16.2593481,38.96765,street_context_mismatch,point is near validated ANNCSU civics labelled CONTRADA CHIUSA SAMBIASE (12 of nearby context within 120 m),suspect_coordinate_present_in_original_anncsu_raw,external_geocode_candidate_plus_human_review,,,no_candidate_returned,,,,,P2_dedicated_provider_high_value,,,,,,,,
anncsu_dedicated_geocoder_batch_1_2025,22,3527378,"VIA GIUSTINO FORTUNATO 9, Lamezia Terme, Catanzaro, Calabria, Italia",VIA GIUSTINO FORTUNATO,9,,Lamezia Terme,Catanzaro,Calabria,Italia,16.3322403,38.9614267,street_context_mismatch,point is near validated ANNCSU civics labelled VIA DEL PROGRESSO (13 of nearby context within 120 m),suspect_coordinate_present_in_original_anncsu_raw,external_geocode_candidate_plus_human_review,,,candidate_requires_human_review,medium,16.3302648,38.960645,191.7,P2_dedicated_provider_high_value,,,,,,,,
anncsu_dedicated_geocoder_batch_1_2025,23,3528144,"VIA DEGLI ALLORI 1, Lamezia Terme, Catanzaro, Calabria, Italia",VIA DEGLI ALLORI,1,,Lamezia Terme,Catanzaro,Calabria,Italia,16.325306,38.9486271,street_context_mismatch,point is near validated ANNCSU civics labelled VIA CANNETO (12 of nearby context within 120 m),suspect_coordinate_present_in_original_anncsu_raw,external_geocode_candidate_plus_human_review,,,candidate_requires_human_review,low,16.3329276,38.9520353,760.3,P2_dedicated_provider_high_value,,,,,,,,
anncsu_dedicated_geocoder_batch_1_2025,24,3528313,"CONTRADA BUCOLIA DI SOTTO 20/A, Lamezia Terme, Catanzaro, Calabria, Italia",CONTRADA BUCOLIA DI SOTTO,20,A,Lamezia Terme,Catanzaro,Calabria,Italia,16.251427,39.004828,street_context_mismatch,point is near validated ANNCSU civics labelled CONTRADA CANTARELLE (11 of nearby context within 120 m),suspect_coordinate_present_in_original_anncsu_raw,external_geocode_candidate_plus_human_review,no_candidate_returned,blank,candidate_requires_human_review,medium,16.2897128,38.9885369,3772.1,P2_dedicated_provider_high_value,,,,,,,,
anncsu_dedicated_geocoder_batch_1_2025,25,3530569,"CONTRADA CARIA 399, Lamezia Terme, Catanzaro, Calabria, Italia",CONTRADA CARIA,399,,Lamezia Terme,Catanzaro,Calabria,Italia,16.2694107,39.0114007,outside_boundary,outside municipal boundary candidate by 34.0 m,suspect_coordinate_present_in_original_anncsu_raw,boundary_check_then_external_geocode_if_needed,,,no_candidate_returned,,,,,P2_dedicated_provider_high_value,,,,,,,,
anncsu_dedicated_geocoder_batch_1_2025,26,3530570,"CONTRADA CARIA 458, Lamezia Terme, Catanzaro, Calabria, Italia",CONTRADA CARIA,458,,Lamezia Terme,Catanzaro,Calabria,Italia,16.2693914,39.011439,outside_boundary,outside municipal boundary candidate by 32.2 m,suspect_coordinate_present_in_original_anncsu_raw,boundary_check_then_external_geocode_if_needed,,,no_candidate_returned,,,,,P2_dedicated_provider_high_value,,,,,,,,
anncsu_dedicated_geocoder_batch_1_2025,27,3530571,"CONTRADA CARIA 498, Lamezia Terme, Catanzaro, Calabria, Italia",CONTRADA CARIA,498,,Lamezia Terme,Catanzaro,Calabria,Italia,16.2693906,39.0113626,outside_boundary,outside municipal boundary candidate by 32.3 m,suspect_coordinate_present_in_original_anncsu_raw,boundary_check_then_external_geocode_if_needed,,,no_candidate_returned,,,,,P2_dedicated_provider_high_value,,,,,,,,
anncsu_dedicated_geocoder_batch_1_2025,28,3530572,"CONTRADA CARIA 512, Lamezia Terme, Catanzaro, Calabria, Italia",CONTRADA CARIA,512,,Lamezia Terme,Catanzaro,Calabria,Italia,16.2695206,39.0114536,outside_boundary,outside municipal boundary candidate by 43.4 m,suspect_coordinate_present_in_original_anncsu_raw,boundary_check_then_external_geocode_if_needed,,,no_candidate_returned,,,,,P2_dedicated_provider_high_value,,,,,,,,
anncsu_dedicated_geocoder_batch_1_2025,29,3530573,"CONTRADA CARIA 518, Lamezia Terme, Catanzaro, Calabria, Italia",CONTRADA CARIA,518,,Lamezia Terme,Catanzaro,Calabria,Italia,16.2694199,39.0114106,outside_boundary,outside municipal boundary candidate by 34.7 m,suspect_coordinate_present_in_original_anncsu_raw,boundary_check_then_external_geocode_if_needed,,,no_candidate_returned,,,,,P2_dedicated_provider_high_value,,,,,,,,
anncsu_dedicated_geocoder_batch_1_2025,30,3530574,"CONTRADA CARIA 93, Lamezia Terme, Catanzaro, Calabria, Italia",CONTRADA CARIA,93,,Lamezia Terme,Catanzaro,Calabria,Italia,16.2694076,39.0114326,outside_boundary,outside municipal boundary candidate by 33.6 m,suspect_coordinate_present_in_original_anncsu_raw,boundary_check_then_external_geocode_if_needed,,,no_candidate_returned,,,,,P2_dedicated_provider_high_value,,,,,,,,
anncsu_dedicated_geocoder_batch_1_2025,31,3530575,"CONTRADA CARIA 454, Lamezia Terme, Catanzaro, Calabria, Italia",CONTRADA CARIA,454,,Lamezia Terme,Catanzaro,Calabria,Italia,16.2694688,39.0114865,outside_boundary,outside municipal boundary candidate by 38.8 m,suspect_coordinate_present_in_original_anncsu_raw,boundary_check_then_external_geocode_if_needed,,,no_candidate_returned,,,,,P2_dedicated_provider_high_value,,,,,,,,
anncsu_dedicated_geocoder_batch_1_2025,32,3530576,"CONTRADA CARIA 459, Lamezia Terme, Catanzaro, Calabria, Italia",CONTRADA CARIA,459,,Lamezia Terme,Catanzaro,Calabria,Italia,16.2693627,39.0113623,outside_boundary,outside municipal boundary candidate by 29.9 m,suspect_coordinate_present_in_original_anncsu_raw,boundary_check_then_external_geocode_if_needed,,,no_candidate_returned,,,,,P2_dedicated_provider_high_value,,,,,,,,
anncsu_dedicated_geocoder_batch_1_2025,33,3530577,"CONTRADA CARIA 469, Lamezia Terme, Catanzaro, Calabria, Italia",CONTRADA CARIA,469,,Lamezia Terme,Catanzaro,Calabria,Italia,16.269475,39.0114526,outside_boundary,outside municipal boundary candidate by 39.4 m,suspect_coordinate_present_in_original_anncsu_raw,boundary_check_then_external_geocode_if_needed,,,no_candidate_returned,,,,,P2_dedicated_provider_high_value,,,,,,,,
anncsu_dedicated_geocoder_batch_1_2025,34,3530578,"CONTRADA CARIA 473, Lamezia Terme, Catanzaro, Calabria, Italia",CONTRADA CARIA,473,,Lamezia Terme,Catanzaro,Calabria,Italia,16.2693473,39.0114624,outside_boundary,outside municipal boundary candidate by 28.4 m,suspect_coordinate_present_in_original_anncsu_raw,boundary_check_then_external_geocode_if_needed,,,no_candidate_returned,,,,,P2_dedicated_provider_high_value,,,,,,,,
anncsu_dedicated_geocoder_batch_1_2025,35,3530579,"CONTRADA CARIA 461, Lamezia Terme, Catanzaro, Calabria, Italia",CONTRADA CARIA,461,,Lamezia Terme,Catanzaro,Calabria,Italia,16.2694732,39.0113295,outside_boundary,outside municipal boundary candidate by 39.5 m,suspect_coordinate_present_in_original_anncsu_raw,boundary_check_then_external_geocode_if_needed,,,no_candidate_returned,,,,,P2_dedicated_provider_high_value,,,,,,,,
anncsu_dedicated_geocoder_batch_1_2025,36,3530580,"CONTRADA CARIA 484, Lamezia Terme, Catanzaro, Calabria, Italia",CONTRADA CARIA,484,,Lamezia Terme,Catanzaro,Calabria,Italia,16.2695014,39.011292,outside_boundary,outside municipal boundary candidate by 42.0 m,suspect_coordinate_present_in_original_anncsu_raw,boundary_check_then_external_geocode_if_needed,,,no_candidate_returned,,,,,P2_dedicated_provider_high_value,,,,,,,,
anncsu_dedicated_geocoder_batch_1_2025,37,3530581,"CONTRADA CARIA 501, Lamezia Terme, Catanzaro, Calabria, Italia",CONTRADA CARIA,501,,Lamezia Terme,Catanzaro,Calabria,Italia,16.269448,39.0114854,outside_boundary,outside municipal boundary candidate by 37.0 m,suspect_coordinate_present_in_original_anncsu_raw,boundary_check_then_external_geocode_if_needed,,,no_candidate_returned,,,,,P2_dedicated_provider_high_value,,,,,,,,
anncsu_dedicated_geocoder_batch_1_2025,38,3530756,"VIA GRAZIA DELEDDA 26, Lamezia Terme, Catanzaro, Calabria, Italia",VIA GRAZIA DELEDDA,26,,Lamezia Terme,Catanzaro,Calabria,Italia,16.3323669,38.933206,street_context_mismatch,point is near validated ANNCSU civics labelled VIA DEL PROGRESSO (10 of nearby context within 120 m),suspect_coordinate_present_in_original_anncsu_raw,external_geocode_candidate_plus_human_review,,,candidate_requires_human_review,medium,16.3094925,38.9491965,2659.9,P2_dedicated_provider_high_value,,,,,,,,
anncsu_dedicated_geocoder_batch_1_2025,39,3531928,"VIA DEL PROGRESSO 533, Lamezia Terme, Catanzaro, Calabria, Italia",VIA DEL PROGRESSO,533,,Lamezia Terme,Catanzaro,Calabria,Italia,16.280143,38.9615629,street_context_mismatch,point is near validated ANNCSU civics labelled VIA DEL MARE (12 of nearby context within 120 m),suspect_coordinate_present_in_original_anncsu_raw,external_geocode_candidate_plus_human_review,,,candidate_requires_human_review,medium,16.3310609,38.947558,4670.2,P2_dedicated_provider_high_value,,,,,,,,
anncsu_dedicated_geocoder_batch_1_2025,40,3532652,"VIA CANNETO 92, Lamezia Terme, Catanzaro, Calabria, Italia",VIA CANNETO,92,,Lamezia Terme,Catanzaro,Calabria,Italia,16.3008901,38.9721911,street_context_mismatch,point is near validated ANNCSU civics labelled VIA ADDA (4 of nearby context within 120 m),suspect_coordinate_present_in_original_anncsu_raw,external_geocode_candidate_plus_human_review,,,candidate_requires_human_review,medium,16.3087355,38.9570224,1818.0,P2_dedicated_provider_high_value,,,,,,,,
anncsu_dedicated_geocoder_batch_1_2025,41,3533329,"VIA BENEDETTO MUSOLINO 1, Lamezia Terme, Catanzaro, Calabria, Italia",VIA BENEDETTO MUSOLINO,1,,Lamezia Terme,Catanzaro,Calabria,Italia,16.288853,38.9599909,street_context_mismatch,point is near validated ANNCSU civics labelled VIA BELVEDERE (6 of nearby context within 120 m),suspect_coordinate_present_in_original_anncsu_raw,external_geocode_candidate_plus_human_review,,,candidate_requires_human_review,low,16.2914513,38.9602105,226.0,P2_dedicated_provider_high_value,,,,,,,,
anncsu_dedicated_geocoder_batch_1_2025,42,3533343,"VIA CAPITOLO 3, Lamezia Terme, Catanzaro, Calabria, Italia",VIA CAPITOLO,3,,Lamezia Terme,Catanzaro,Calabria,Italia,16.305661,38.951164,street_context_mismatch,point is near validated ANNCSU civics labelled VIA CAPITANO MANFREDI (9 of nearby context within 120 m),suspect_coordinate_present_in_original_anncsu_raw,external_geocode_candidate_plus_human_review,,,candidate_requires_human_review,medium,16.3157122,38.9703258,2301.1,P2_dedicated_provider_high_value,,,,,,,,
anncsu_dedicated_geocoder_batch_1_2025,43,3533347,"VIA CAPITOLO 5, Lamezia Terme, Catanzaro, Calabria, Italia",VIA CAPITOLO,5,,Lamezia Terme,Catanzaro,Calabria,Italia,16.3201111,38.9817561,street_context_mismatch,point is near validated ANNCSU civics labelled CONTRADA CAPITOLO (6 of nearby context within 120 m),suspect_coordinate_present_in_original_anncsu_raw,external_geocode_candidate_plus_human_review,,,candidate_requires_human_review,medium,16.317545,38.97444,843.2,P2_dedicated_provider_high_value,,,,,,,,
anncsu_dedicated_geocoder_batch_1_2025,44,3533356,"VIA CARLO ARDITO 4, Lamezia Terme, Catanzaro, Calabria, Italia",VIA CARLO ARDITO,4,,Lamezia Terme,Catanzaro,Calabria,Italia,16.2998705,38.9356816,street_context_mismatch,point is near validated ANNCSU civics labelled VIALE SALVATORE RAFFAELE (4 of nearby context within 120 m),suspect_coordinate_present_in_original_anncsu_raw,external_geocode_candidate_plus_human_review,,,candidate_requires_human_review,medium,16.3082967,38.9548431,2251.8,P2_dedicated_provider_high_value,,,,,,,,
anncsu_dedicated_geocoder_batch_1_2025,45,3536799,"SALITA CARCERI 9, Lamezia Terme, Catanzaro, Calabria, Italia",SALITA CARCERI,9,,Lamezia Terme,Catanzaro,Calabria,Italia,16.2403741,38.9928334,street_context_mismatch,point is near validated ANNCSU civics labelled VIA ACQUAFREDDA (30 of nearby context within 120 m),suspect_coordinate_present_in_original_anncsu_raw,external_geocode_candidate_plus_human_review,,,candidate_requires_human_review,low,16.2399737,38.9899616,321.2,P2_dedicated_provider_high_value,,,,,,,,
anncsu_dedicated_geocoder_batch_1_2025,46,3536834,"VIA MADONNA DELLA SPINA 67, Lamezia Terme, Catanzaro, Calabria, Italia",VIA MADONNA DELLA SPINA,67,,Lamezia Terme,Catanzaro,Calabria,Italia,16.3068671,38.9796447,street_context_mismatch,point is near validated ANNCSU civics labelled CONTRADA CASTURI (9 of nearby context within 120 m),suspect_coordinate_present_in_original_anncsu_raw,external_geocode_candidate_plus_human_review,,,candidate_requires_human_review,medium,16.312919,38.9514595,3177.4,P2_dedicated_provider_high_value,,,,,,,,
anncsu_dedicated_geocoder_batch_1_2025,47,3538989,"VIA FRATELLI ROSSELLI 3, Lamezia Terme, Catanzaro, Calabria, Italia",VIA FRATELLI ROSSELLI,3,,Lamezia Terme,Catanzaro,Calabria,Italia,16.2776247,38.9607352,street_context_mismatch,point is near validated ANNCSU civics labelled VIA DEI BIZANTINI (7 of nearby context within 120 m),suspect_coordinate_present_in_original_anncsu_raw,external_geocode_candidate_plus_human_review,,,candidate_requires_human_review,medium,16.2774894,38.9634658,303.9,P2_dedicated_provider_high_value,,,,,,,,
anncsu_dedicated_geocoder_batch_1_2025,48,3562965,"VIA RAZIONALE 18, Lamezia Terme, Catanzaro, Calabria, Italia",VIA RAZIONALE,18,,Lamezia Terme,Catanzaro,Calabria,Italia,16.2432456,38.9259139,street_context_mismatch,point is near validated ANNCSU civics labelled VIALE SAN BRUNO (18 of nearby context within 120 m),suspect_coordinate_present_in_original_anncsu_raw,external_geocode_candidate_plus_human_review,,,candidate_requires_human_review,medium,16.246128,38.9281687,353.6,P2_dedicated_provider_high_value,,,,,,,,
anncsu_dedicated_geocoder_batch_1_2025,49,3569759,"VIA RE DI PUGLIA 3, Lamezia Terme, Catanzaro, Calabria, Italia",VIA RE DI PUGLIA,3,,Lamezia Terme,Catanzaro,Calabria,Italia,16.2474781,38.9278112,street_context_mismatch,point is near validated ANNCSU civics labelled VIALE SAN BRUNO (8 of nearby context within 120 m),suspect_coordinate_present_in_original_anncsu_raw,external_geocode_candidate_plus_human_review,,,candidate_requires_human_review,low,16.2790367,38.867848,7205.2,P2_dedicated_provider_high_value,,,,,,,,
anncsu_dedicated_geocoder_batch_1_2025,50,3569760,"VIA RE DI PUGLIA 11, Lamezia Terme, Catanzaro, Calabria, Italia",VIA RE DI PUGLIA,11,,Lamezia Terme,Catanzaro,Calabria,Italia,16.2451574,38.9264539,street_context_mismatch,point is near validated ANNCSU civics labelled VIALE SAN BRUNO (6 of nearby context within 120 m),suspect_coordinate_present_in_original_anncsu_raw,external_geocode_candidate_plus_human_review,,,candidate_requires_human_review,low,16.2790367,38.867848,7145.9,P2_dedicated_provider_high_value,,,,,,,,
anncsu_dedicated_geocoder_batch_1_2025,51,3572291,"VIA COSCHI 107, Lamezia Terme, Catanzaro, Calabria, Italia",VIA COSCHI,107,,Lamezia Terme,Catanzaro,Calabria,Italia,16.2786866,38.9506432,street_context_mismatch,point is near validated ANNCSU civics labelled VIA CAFARONE (7 of nearby context within 120 m),suspect_coordinate_present_in_original_anncsu_raw,external_geocode_candidate_plus_human_review,,,candidate_requires_human_review,low,16.2801944,38.9518184,184.6,P2_dedicated_provider_high_value,,,,,,,,
anncsu_dedicated_geocoder_batch_1_2025,52,3587384,"TRAVERSA PRIMA CANNETO MORELLI 1, Lamezia Terme, Catanzaro, Calabria, Italia",TRAVERSA PRIMA CANNETO MORELLI,1,,Lamezia Terme,Catanzaro,Calabria,Italia,16.2995555,38.9692777,street_context_mismatch,point is near validated ANNCSU civics labelled VIA ANTONIO REILLO (33 of nearby context within 120 m),suspect_coordinate_present_in_original_anncsu_raw,external_geocode_candidate_plus_human_review,,,candidate_requires_human_review,low,16.300827,38.9681458,167.1,P2_dedicated_provider_high_value,,,,,,,,
anncsu_dedicated_geocoder_batch_1_2025,53,3589433,"VIA ROBERTA LANZINO 40, Lamezia Terme, Catanzaro, Calabria, Italia",VIA ROBERTA LANZINO,40,,Lamezia Terme,Catanzaro,Calabria,Italia,16.318209,38.978132,street_context_mismatch,point is near validated ANNCSU civics labelled VIA CONFORTI (66 of nearby context within 120 m),suspect_coordinate_present_in_original_anncsu_raw,external_geocode_candidate_plus_human_review,,,candidate_requires_human_review,medium,16.3253907,38.9666317,1421.5,P2_dedicated_provider_high_value,,,,,,,,
anncsu_dedicated_geocoder_batch_1_2025,54,3589613,"TRAVERSA SETTIMA DI VIA MADONNA DELLA SPINA 4, Lamezia Terme, Catanzaro, Calabria, Italia",TRAVERSA SETTIMA DI VIA MADONNA DELLA SPINA,4,,Lamezia Terme,Catanzaro,Calabria,Italia,16.3106361,38.9760216,street_context_mismatch,point is near validated ANNCSU civics labelled TRAVERSA OTTAVA DI VIA MADONNA DELLA SPINA (13 of nearby context within 120 m),suspect_coordinate_present_in_original_anncsu_raw,external_geocode_candidate_plus_human_review,,,candidate_requires_human_review,medium,16.3123588,38.9731999,347.3,P2_dedicated_provider_high_value,,,,,,,,
anncsu_dedicated_geocoder_batch_1_2025,55,3602870,"VIA MAGNA GRECIA 3, Lamezia Terme, Catanzaro, Calabria, Italia",VIA MAGNA GRECIA,3,,Lamezia Terme,Catanzaro,Calabria,Italia,16.3106613,38.9661579,street_context_mismatch,point is near validated ANNCSU civics labelled VIA SALVATORE MICELI (82 of nearby context within 120 m),suspect_coordinate_present_in_original_anncsu_raw,external_geocode_candidate_plus_human_review,,,candidate_requires_human_review,medium,16.3101338,38.9624287,417.2,P2_dedicated_provider_high_value,,,,,,,,
anncsu_dedicated_geocoder_batch_1_2025,56,3511517,"VIA CAVALIERI DI MALTA 19, Lamezia Terme, Catanzaro, Calabria, Italia",VIA CAVALIERI DI MALTA,19,,Lamezia Terme,Catanzaro,Calabria,Italia,16.2375201,38.9416071,same_street_outlier,4479.1 m from same-street cluster centroid; nearest same-street civic is 4691.8 m away; progressive civic-number neighbour is 4691.8 m away,suspect_coordinate_present_in_original_anncsu_raw,external_geocode_candidate_plus_human_review,,,candidate_requires_human_review,low,16.2914065,38.9372398,4685.8,P2_dedicated_provider_useful,,,,,,,,
anncsu_dedicated_geocoder_batch_1_2025,57,3511766,"VIA DUCA D'AOSTA 234, Lamezia Terme, Catanzaro, Calabria, Italia",VIA DUCA D'AOSTA,234,,Lamezia Terme,Catanzaro,Calabria,Italia,16.3215283,38.9607061,same_street_outlier,nearest same-street civic is 1399.6 m away; progressive civic-number neighbour is 1832.5 m away,suspect_coordinate_present_in_original_anncsu_raw,external_geocode_candidate_plus_human_review,,,candidate_requires_human_review,medium,16.3060318,38.971967,1833.8,P2_dedicated_provider_useful,,,,,,,,
anncsu_dedicated_geocoder_batch_1_2025,58,3511804,"VIA DUCA D'AOSTA 158, Lamezia Terme, Catanzaro, Calabria, Italia",VIA DUCA D'AOSTA,158,,Lamezia Terme,Catanzaro,Calabria,Italia,16.2928504,38.9662242,same_street_outlier,progressive civic-number neighbour is 598.8 m away,suspect_coordinate_present_in_original_anncsu_raw,external_geocode_candidate_plus_human_review,,,candidate_requires_human_review,medium,16.3003177,38.9669495,650.6,P2_dedicated_provider_useful,,,,,,,,
anncsu_dedicated_geocoder_batch_1_2025,59,3512549,"CONTRADA MISA' 11, Lamezia Terme, Catanzaro, Calabria, Italia",CONTRADA MISA',11,,Lamezia Terme,Catanzaro,Calabria,Italia,16.240946,39.0171837,same_street_outlier,9503.1 m from same-street cluster centroid; nearest same-street civic is 10027.7 m away; rare census-cell placement for same-street civics; progressive civic-number neighbour is 11558.1 m away,suspect_coordinate_present_in_original_anncsu_raw,external_geocode_candidate_plus_human_review,,,candidate_requires_human_review,low,16.3323829,38.9617684,10021.0,P2_dedicated_provider_useful,,,,,,,,
anncsu_dedicated_geocoder_batch_1_2025,60,3512554,"CONTRADA MISA' 25, Lamezia Terme, Catanzaro, Calabria, Italia",CONTRADA MISA',25,,Lamezia Terme,Catanzaro,Calabria,Italia,16.3525418,38.9600919,same_street_outlier,2197.9 m from same-street cluster centroid; nearest same-street civic is 1742.2 m away; rare census-cell placement for same-street civics; progressive civic-number neighbour is 1743.8 m away,suspect_coordinate_present_in_original_anncsu_raw,external_geocode_candidate_plus_human_review,,,candidate_requires_human_review,low,16.3325527,38.9617735,1738.4,P2_dedicated_provider_useful,,,,,,,,
anncsu_dedicated_geocoder_batch_1_2025,61,3512577,"CONTRADA VONIO 67, Lamezia Terme, Catanzaro, Calabria, Italia",CONTRADA VONIO,67,,Lamezia Terme,Catanzaro,Calabria,Italia,16.2497599,38.977077,same_street_outlier,nearest same-street civic is 688.1 m away; progressive civic-number neighbour is 739.4 m away,suspect_coordinate_present_in_original_anncsu_raw,external_geocode_candidate_plus_human_review,,,candidate_requires_human_review,medium,16.2413111,38.9759037,741.9,P2_dedicated_provider_useful,,,,,,,,
anncsu_dedicated_geocoder_batch_1_2025,62,3512592,"RIONE MANDONI 19, Lamezia Terme, Catanzaro, Calabria, Italia",RIONE MANDONI,19,,Lamezia Terme,Catanzaro,Calabria,Italia,16.2843961,38.9673164,same_street_outlier,3872.8 m from same-street cluster centroid; nearest same-street civic is 4228.9 m away; rare census-cell placement for same-street civics; progressive civic-number neighbour is 4228.9 m away,suspect_coordinate_present_in_original_anncsu_raw,external_geocode_candidate_plus_human_review,,,candidate_requires_human_review,medium,16.2413697,38.9867829,4303.3,P2_dedicated_provider_useful,,,,,,,,
anncsu_dedicated_geocoder_batch_1_2025,63,3512767,"VIA DEI TAURINI 48, Lamezia Terme, Catanzaro, Calabria, Italia",VIA DEI TAURINI,48,,Lamezia Terme,Catanzaro,Calabria,Italia,16.3127229,38.942348,same_street_outlier,nearest same-street civic is 738.5 m away; progressive civic-number neighbour is 939.2 m away,suspect_coordinate_present_in_original_anncsu_raw,external_geocode_candidate_plus_human_review,,,candidate_requires_human_review,low,16.3042105,38.9420582,736.9,P2_dedicated_provider_useful,,,,,,,,
anncsu_dedicated_geocoder_batch_1_2025,64,3512781,"CONTRADA PIGNA MAZZEI 21, Lamezia Terme, Catanzaro, Calabria, Italia",CONTRADA PIGNA MAZZEI,21,,Lamezia Terme,Catanzaro,Calabria,Italia,16.2848469,38.957859,same_street_outlier,4175.6 m from same-street cluster centroid; nearest same-street civic is 4962.2 m away; rare census-cell placement for same-street civics; progressive civic-number neighbour is 4962.2 m away,suspect_coordinate_present_in_original_anncsu_raw,external_geocode_candidate_plus_human_review,,,candidate_requires_human_review,medium,16.2275661,38.9563558,4955.7,P2_dedicated_provider_useful,,,,,,,,
anncsu_dedicated_geocoder_batch_1_2025,65,3512806,"VIA MIRELLA STAGLIANO' 99, Lamezia Terme, Catanzaro, Calabria, Italia",VIA MIRELLA STAGLIANO',99,,Lamezia Terme,Catanzaro,Calabria,Italia,16.293938,38.9637101,same_street_outlier,nearest same-street civic is 2351.1 m away; progressive civic-number neighbour is 2769.6 m away,suspect_coordinate_present_in_original_anncsu_raw,external_geocode_candidate_plus_human_review,,,candidate_requires_human_review,low,16.287134,38.9432039,2354.9,P2_dedicated_provider_useful,,,,,,,,
anncsu_dedicated_geocoder_batch_1_2025,66,3513217,"VIA NUNZIO 35, Lamezia Terme, Catanzaro, Calabria, Italia",VIA NUNZIO,35,,Lamezia Terme,Catanzaro,Calabria,Italia,16.3020761,38.9681944,same_street_outlier,nearest same-street civic is 651.8 m away; progressive civic-number neighbour is 726.8 m away,suspect_coordinate_present_in_original_anncsu_raw,external_geocode_candidate_plus_human_review,,,candidate_requires_human_review,medium,16.3070913,38.9734808,730.4,P2_dedicated_provider_useful,,,,,,,,
anncsu_dedicated_geocoder_batch_1_2025,67,3513296,"VIA DELLE TERME 121, Lamezia Terme, Catanzaro, Calabria, Italia",VIA DELLE TERME,121,,Lamezia Terme,Catanzaro,Calabria,Italia,16.3234952,38.9422561,same_street_outlier,point is near validated ANNCSU civics labelled VIA GIOACCHINO MURAT (4 of nearby context within 120 m); progressive civic-number neighbour is 2860.4 m away,suspect_coordinate_present_in_original_anncsu_raw,external_geocode_candidate_plus_human_review,,,candidate_requires_human_review,medium,16.3203112,38.9399683,374.9,P2_dedicated_provider_useful,,,,,,,,
anncsu_dedicated_geocoder_batch_1_2025,68,3513584,"VIA CONFORTI 4, Lamezia Terme, Catanzaro, Calabria, Italia",VIA CONFORTI,4,,Lamezia Terme,Catanzaro,Calabria,Italia,16.2931232,38.935429,same_street_outlier,nearest same-street civic is 2524.2 m away; progressive civic-number neighbour is 4875.2 m away,suspect_coordinate_present_in_original_anncsu_raw,external_geocode_candidate_plus_human_review,,,candidate_requires_human_review,medium,16.3144073,38.9761549,4888.2,P2_dedicated_provider_useful,,,,,,,,
anncsu_dedicated_geocoder_batch_1_2025,69,3513760,"VIA CERASOLO 11, Lamezia Terme, Catanzaro, Calabria, Italia",VIA CERASOLO,11,,Lamezia Terme,Catanzaro,Calabria,Italia,16.3121458,38.9387584,same_street_outlier,nearest same-street civic is 931.0 m away; progressive civic-number neighbour is 3073.7 m away,suspect_coordinate_present_in_original_anncsu_raw,external_geocode_candidate_plus_human_review,,,candidate_requires_human_review,medium,16.2887762,38.959685,3082.0,P2_dedicated_provider_useful,,,,,,,,
anncsu_dedicated_geocoder_batch_1_2025,70,3513809,"VIA FRANCESCO COSTABILE 12, Lamezia Terme, Catanzaro, Calabria, Italia",VIA FRANCESCO COSTABILE,12,,Lamezia Terme,Catanzaro,Calabria,Italia,16.2870397,38.9655834,same_street_outlier,progressive civic-number neighbour is 635.7 m away,suspect_coordinate_present_in_original_anncsu_raw,external_geocode_candidate_plus_human_review,,,candidate_requires_human_review,medium,16.2797234,38.9651556,634.3,P2_dedicated_provider_useful,,,,,,,,
anncsu_dedicated_geocoder_batch_1_2025,71,3513946,"PIAZZA SANTA MARIA MAGGIORE 92, Lamezia Terme, Catanzaro, Calabria, Italia",PIAZZA SANTA MARIA MAGGIORE,92,,Lamezia Terme,Catanzaro,Calabria,Italia,16.2769045,38.965415,same_street_outlier,3384.0 m from same-street cluster centroid; nearest same-street civic is 2674.8 m away; progressive civic-number neighbour is 2674.8 m away,suspect_coordinate_present_in_original_anncsu_raw,external_geocode_candidate_plus_human_review,,,candidate_requires_human_review,low,16.3065122,38.9722407,2669.8,P2_dedicated_provider_useful,,,,,,,,
anncsu_dedicated_geocoder_batch_1_2025,72,3513981,"TRAVERSA SECONDA DI VIA ENRICO TOTI 19, Lamezia Terme, Catanzaro, Calabria, Italia",TRAVERSA SECONDA DI VIA ENRICO TOTI,19,,Lamezia Terme,Catanzaro,Calabria,Italia,16.2931475,38.9687068,same_street_outlier,nearest same-street civic is 2009.5 m away; progressive civic-number neighbour is 2009.5 m away,suspect_coordinate_present_in_original_anncsu_raw,external_geocode_candidate_plus_human_review,,,candidate_requires_human_review,low,16.3150233,38.9747244,2006.0,P2_dedicated_provider_useful,,,,,,,,
anncsu_dedicated_geocoder_batch_1_2025,73,3513989,"VIA LEONARDO DA VINCI 2, Lamezia Terme, Catanzaro, Calabria, Italia",VIA LEONARDO DA VINCI,2,,Lamezia Terme,Catanzaro,Calabria,Italia,16.3161741,38.9698193,same_street_outlier,progressive civic-number neighbour is 1758.3 m away,suspect_coordinate_present_in_original_anncsu_raw,external_geocode_candidate_plus_human_review,,,candidate_requires_human_review,low,16.3191533,38.9674584,367.8,P2_dedicated_provider_useful,,,,,,,,
anncsu_dedicated_geocoder_batch_1_2025,74,3513998,"VIA LEONARDO DA VINCI 1, Lamezia Terme, Catanzaro, Calabria, Italia",VIA LEONARDO DA VINCI,1,,Lamezia Terme,Catanzaro,Calabria,Italia,16.3274603,38.9566541,same_street_outlier,progressive civic-number neighbour is 1758.3 m away,suspect_coordinate_present_in_original_anncsu_raw,external_geocode_candidate_plus_human_review,,,candidate_requires_human_review,low,16.324177,38.9559532,294.4,P2_dedicated_provider_useful,,,,,,,,
anncsu_dedicated_geocoder_batch_1_2025,75,3514025,"VIA LEONARDO DA VINCI 3, Lamezia Terme, Catanzaro, Calabria, Italia",VIA LEONARDO DA VINCI,3,,Lamezia Terme,Catanzaro,Calabria,Italia,16.3291666,38.948655,same_street_outlier,1111.5 m from same-street cluster centroid; nearest same-street civic is 835.2 m away; progressive civic-number neighbour is 1155.4 m away,suspect_coordinate_present_in_original_anncsu_raw,external_geocode_candidate_plus_human_review,,,candidate_requires_human_review,low,16.3234223,38.9546968,835.5,P2_dedicated_provider_useful,,,,,,,,
anncsu_dedicated_geocoder_batch_1_2025,76,3514147,"VIA BREZIA 4, Lamezia Terme, Catanzaro, Calabria, Italia",VIA BREZIA,4,,Lamezia Terme,Catanzaro,Calabria,Italia,16.2806846,38.9687831,same_street_outlier,2671.7 m from same-street cluster centroid; nearest same-street civic is 3326.7 m away; rare census-cell placement for same-street civics; progressive civic-number neighbour is 3326.7 m away,suspect_coordinate_present_in_original_anncsu_raw,external_geocode_candidate_plus_human_review,,,candidate_requires_human_review,low,16.317781,38.9765187,3320.3,P2_dedicated_provider_useful,,,,,,,,
anncsu_dedicated_geocoder_batch_1_2025,77,3514683,"VIA PIRO 20, Lamezia Terme, Catanzaro, Calabria, Italia",VIA PIRO,20,,Lamezia Terme,Catanzaro,Calabria,Italia,16.3038718,38.9672351,same_street_outlier,nearest same-street civic is 840.6 m away; point is near validated ANNCSU civics labelled VIA THOMAS EDISON (21 of nearby context within 120 m); progressive civic-number neighbour is 892.8 m away,suspect_coordinate_present_in_original_anncsu_raw,external_geocode_candidate_plus_human_review,,,candidate_requires_human_review,medium,16.3105742,38.9733948,897.1,P2_dedicated_provider_useful,,,,,,,,
anncsu_dedicated_geocoder_batch_1_2025,78,3514695,"VIA DEI FAGGI 1, Lamezia Terme, Catanzaro, Calabria, Italia",VIA DEI FAGGI,1,,Lamezia Terme,Catanzaro,Calabria,Italia,16.3133985,38.9508792,same_street_outlier,2183.3 m from same-street cluster centroid; nearest same-street civic is 2612.5 m away; rare census-cell placement for same-street civics; progressive civic-number neighbour is 2616.3 m away,suspect_coordinate_present_in_original_anncsu_raw,external_geocode_candidate_plus_human_review,,,candidate_requires_human_review,low,16.3056893,38.9736356,2616.7,P2_dedicated_provider_useful,,,,,,,,
anncsu_dedicated_geocoder_batch_1_2025,79,3514710,"VIA ROBERT BADEN POWELL 11, Lamezia Terme, Catanzaro, Calabria, Italia",VIA ROBERT BADEN POWELL,11,,Lamezia Terme,Catanzaro,Calabria,Italia,16.3204501,38.9736311,same_street_outlier,1710.8 m from same-street cluster centroid; nearest same-street civic is 668.8 m away; rare census-cell placement for same-street civics; progressive civic-number neighbour is 2280.7 m away,suspect_coordinate_present_in_original_anncsu_raw,external_geocode_candidate_plus_human_review,,,candidate_requires_human_review,medium,16.2985093,38.9617664,2310.6,P2_dedicated_provider_useful,,,,,,,,
anncsu_dedicated_geocoder_batch_1_2025,80,3514822,"CONTRADA AGLI 60, Lamezia Terme, Catanzaro, Calabria, Italia",CONTRADA AGLI,60,,Lamezia Terme,Catanzaro,Calabria,Italia,16.3063895,38.9837248,same_street_outlier,3030.7 m from same-street cluster centroid; nearest same-street civic is 808.2 m away; rare census-cell placement for same-street civics; progressive civic-number neighbour is 3492.7 m away,suspect_coordinate_present_in_original_anncsu_raw,external_geocode_candidate_plus_human_review,no_candidate_returned,blank,candidate_requires_human_review,low,16.3445538,38.9755301,3422.4,P2_dedicated_provider_useful,,,,,,,,
anncsu_dedicated_geocoder_batch_1_2025,81,3514993,"PIAZZA JOHN FITZGERALD KENNEDY 10, Lamezia Terme, Catanzaro, Calabria, Italia",PIAZZA JOHN FITZGERALD KENNEDY,10,,Lamezia Terme,Catanzaro,Calabria,Italia,16.3150367,38.9748202,same_street_outlier,3425.7 m from same-street cluster centroid; nearest same-street civic is 3158.3 m away; rare census-cell placement for same-street civics; progressive civic-number neighbour is 3630.2 m away,suspect_coordinate_present_in_original_anncsu_raw,external_geocode_candidate_plus_human_review,,,candidate_requires_human_review,medium,16.2756554,38.9634902,3630.2,P2_dedicated_provider_useful,,,,,,,,
anncsu_dedicated_geocoder_batch_1_2025,82,3514996,"PIAZZA JOHN FITZGERALD KENNEDY 13, Lamezia Terme, Catanzaro, Calabria, Italia",PIAZZA JOHN FITZGERALD KENNEDY,13,,Lamezia Terme,Catanzaro,Calabria,Italia,16.279446,38.9686673,same_street_outlier,nearest same-street civic is 645.8 m away; progressive civic-number neighbour is 793.5 m away,suspect_coordinate_present_in_original_anncsu_raw,external_geocode_candidate_plus_human_review,,,candidate_requires_human_review,medium,16.2749909,38.9623593,800.2,P2_dedicated_provider_useful,,,,,,,,
anncsu_dedicated_geocoder_batch_1_2025,83,3515055,"CONTRADA CARRA' VOLPE 81/B, Lamezia Terme, Catanzaro, Calabria, Italia",CONTRADA CARRA' VOLPE,81,B,Lamezia Terme,Catanzaro,Calabria,Italia,16.2500567,38.8753757,same_street_outlier,nearest same-street civic is 7927.5 m away; progressive civic-number neighbour is 7927.5 m away,suspect_coordinate_present_in_original_anncsu_raw,external_geocode_candidate_plus_human_review,,,candidate_requires_human_review,low,16.2414264,38.9856819,12288.2,P2_dedicated_provider_useful,,,,,,,,
anncsu_dedicated_geocoder_batch_1_2025,84,3515129,"VIA EMILIO BARBERIO 1, Lamezia Terme, Catanzaro, Calabria, Italia",VIA EMILIO BARBERIO,1,,Lamezia Terme,Catanzaro,Calabria,Italia,16.3224727,38.9657559,same_street_outlier,1470.3 m from same-street cluster centroid; nearest same-street civic is 1583.9 m away; rare census-cell placement for same-street civics; progressive civic-number neighbour is 1592.3 m away,suspect_coordinate_present_in_original_anncsu_raw,external_geocode_candidate_plus_human_review,,,candidate_requires_human_review,low,16.3227142,38.9800251,1586.8,P2_dedicated_provider_useful,,,,,,,,
anncsu_dedicated_geocoder_batch_1_2025,85,3515146,"VIA SALVATORE FIMIANI 1, Lamezia Terme, Catanzaro, Calabria, Italia",VIA SALVATORE FIMIANI,1,,Lamezia Terme,Catanzaro,Calabria,Italia,16.3451035,38.962166,same_street_outlier,progressive civic-number neighbour is 2676.1 m away,suspect_coordinate_present_in_original_anncsu_raw,external_geocode_candidate_plus_human_review,,,candidate_requires_human_review,low,16.3425736,38.9599822,326.8,P2_dedicated_provider_useful,,,,,,,,
anncsu_dedicated_geocoder_batch_1_2025,86,3515159,"VIA SALVATORE FIMIANI 8, Lamezia Terme, Catanzaro, Calabria, Italia",VIA SALVATORE FIMIANI,8,,Lamezia Terme,Catanzaro,Calabria,Italia,16.3198268,38.9741228,same_street_outlier,nearest same-street civic is 1003.2 m away; progressive civic-number neighbour is 2524.9 m away,suspect_coordinate_present_in_original_anncsu_raw,external_geocode_candidate_plus_human_review,,,candidate_requires_human_review,medium,16.3382669,38.9501845,3102.8,P2_dedicated_provider_useful,,,,,,,,
anncsu_dedicated_geocoder_batch_1_2025,87,3515376,"VIA PALMIERI 21, Lamezia Terme, Catanzaro, Calabria, Italia",VIA PALMIERI,21,,Lamezia Terme,Catanzaro,Calabria,Italia,16.2837828,38.9651512,same_street_outlier,nearest same-street civic is 2231.6 m away; progressive civic-number neighbour is 3058.3 m away,suspect_coordinate_present_in_original_anncsu_raw,external_geocode_candidate_plus_human_review,,,candidate_requires_human_review,medium,16.316264,38.9759614,3054.5,P2_dedicated_provider_useful,,,,,,,,
anncsu_dedicated_geocoder_batch_1_2025,88,3515382,"LARGO CAPORALE 1, Lamezia Terme, Catanzaro, Calabria, Italia",LARGO CAPORALE,1,,Lamezia Terme,Catanzaro,Calabria,Italia,16.3199453,38.9763173,same_street_outlier,3884.9 m from same-street cluster centroid; nearest same-street civic is 4365.0 m away; rare census-cell placement for same-street civics; progressive civic-number neighbour is 4375.9 m away,suspect_coordinate_present_in_original_anncsu_raw,external_geocode_candidate_plus_human_review,,,candidate_requires_human_review,low,16.2712002,38.9663765,4356.6,P2_dedicated_provider_useful,,,,,,,,
anncsu_dedicated_geocoder_batch_1_2025,89,3515435,"VIA CIMABUE 16, Lamezia Terme, Catanzaro, Calabria, Italia",VIA CIMABUE,16,,Lamezia Terme,Catanzaro,Calabria,Italia,16.3134365,38.9512437,same_street_outlier,nearest same-street civic is 606.9 m away; progressive civic-number neighbour is 606.9 m away,suspect_coordinate_present_in_original_anncsu_raw,external_geocode_candidate_plus_human_review,,,candidate_requires_human_review,medium,16.2865733,38.9545904,2352.5,P2_dedicated_provider_useful,,,,,,,,
anncsu_dedicated_geocoder_batch_1_2025,90,3515455,"VIA CIMABUE 15, Lamezia Terme, Catanzaro, Calabria, Italia",VIA CIMABUE,15,,Lamezia Terme,Catanzaro,Calabria,Italia,16.3134726,38.956712,same_street_outlier,nearest same-street civic is 606.9 m away; progressive civic-number neighbour is 606.9 m away,suspect_coordinate_present_in_original_anncsu_raw,external_geocode_candidate_plus_human_review,,,candidate_requires_human_review,medium,16.2863787,38.9545179,2355.4,P2_dedicated_provider_useful,,,,,,,,
anncsu_dedicated_geocoder_batch_1_2025,91,3515468,"LOCALITA' SAN MINA' INFERIORE 62, Lamezia Terme, Catanzaro, Calabria, Italia",LOCALITA' SAN MINA' INFERIORE,62,,Lamezia Terme,Catanzaro,Calabria,Italia,16.315388,38.972783,same_street_outlier,5955.7 m from same-street cluster centroid; nearest same-street civic is 549.1 m away; progressive civic-number neighbour is 7817.8 m away,suspect_coordinate_present_in_original_anncsu_raw,external_geocode_candidate_plus_human_review,,,candidate_requires_human_review,medium,16.2252035,38.970194,7801.7,P2_dedicated_provider_useful,,,,,,,,
anncsu_dedicated_geocoder_batch_1_2025,92,3515545,"VIA DOMENICO E FRANCESCO RUBINO 1, Lamezia Terme, Catanzaro, Calabria, Italia",VIA DOMENICO E FRANCESCO RUBINO,1,,Lamezia Terme,Catanzaro,Calabria,Italia,16.3042145,38.9592364,same_street_outlier,nearest same-street civic is 824.4 m away; progressive civic-number neighbour is 1397.6 m away,suspect_coordinate_present_in_original_anncsu_raw,external_geocode_candidate_plus_human_review,,,candidate_requires_human_review,low,16.3136639,38.9601009,822.7,P2_dedicated_provider_useful,,,,,,,,
anncsu_dedicated_geocoder_batch_1_2025,93,3515923,"VIA FRANCESCO COSTABILE 4, Lamezia Terme, Catanzaro, Calabria, Italia",VIA FRANCESCO COSTABILE,4,,Lamezia Terme,Catanzaro,Calabria,Italia,16.235703,38.9376293,same_street_outlier,4873.0 m from same-street cluster centroid; nearest same-street civic is 4823.9 m away; progressive civic-number neighbour is 4868.5 m away,suspect_coordinate_present_in_original_anncsu_raw,external_geocode_candidate_plus_human_review,,,candidate_requires_human_review,medium,16.2839083,38.9643578,5119.6,P2_dedicated_provider_useful,,,,,,,,
anncsu_dedicated_geocoder_batch_1_2025,94,3515958,"VIA DEGLI ULIVETI 2, Lamezia Terme, Catanzaro, Calabria, Italia",VIA DEGLI ULIVETI,2,,Lamezia Terme,Catanzaro,Calabria,Italia,16.3011624,38.9410098,same_street_outlier,3693.4 m from same-street cluster centroid; nearest same-street civic is 943.9 m away; progressive civic-number neighbour is 1147.2 m away,suspect_coordinate_present_in_original_anncsu_raw,external_geocode_candidate_plus_human_review,,,candidate_requires_human_review,medium,16.3037228,38.9512345,1158.3,P2_dedicated_provider_useful,,,,,,,,
anncsu_dedicated_geocoder_batch_1_2025,95,3516003,"VIA DEGLI SVEVI 49, Lamezia Terme, Catanzaro, Calabria, Italia",VIA DEGLI SVEVI,49,,Lamezia Terme,Catanzaro,Calabria,Italia,16.3078415,38.9471546,same_street_outlier,point is near validated ANNCSU civics labelled VIA CAPITANO MANFREDI (8 of nearby context within 120 m); progressive civic-number neighbour is 5641.2 m away,suspect_coordinate_present_in_original_anncsu_raw,external_geocode_candidate_plus_human_review,,,candidate_requires_human_review,medium,16.2556145,38.9167781,5640.6,P2_dedicated_provider_useful,,,,,,,,
anncsu_dedicated_geocoder_batch_1_2025,96,3516162,"VIA SACERDOTE ANTONIO GRASSO 9, Lamezia Terme, Catanzaro, Calabria, Italia",VIA SACERDOTE ANTONIO GRASSO,9,,Lamezia Terme,Catanzaro,Calabria,Italia,16.3226,38.9802922,same_street_outlier,3224.6 m from same-street cluster centroid; nearest same-street civic is 3361.8 m away; rare census-cell placement for same-street civics; progressive civic-number neighbour is 3419.9 m away,suspect_coordinate_present_in_original_anncsu_raw,external_geocode_candidate_plus_human_review,,,candidate_requires_human_review,medium,16.2863552,38.967989,3418.9,P2_dedicated_provider_useful,,,,,,,,
anncsu_dedicated_geocoder_batch_1_2025,97,3516333,"VIA GORIZIA 1, Lamezia Terme, Catanzaro, Calabria, Italia",VIA GORIZIA,1,,Lamezia Terme,Catanzaro,Calabria,Italia,16.3051075,38.9573351,same_street_outlier,nearest same-street civic is 632.3 m away; progressive civic-number neighbour is 2153.8 m away,suspect_coordinate_present_in_original_anncsu_raw,external_geocode_candidate_plus_human_review,,,candidate_requires_human_review,low,16.2988921,38.9603197,631.6,P2_dedicated_provider_useful,,,,,,,,
anncsu_dedicated_geocoder_batch_1_2025,98,3516343,"VIA GORIZIA 21, Lamezia Terme, Catanzaro, Calabria, Italia",VIA GORIZIA,21,,Lamezia Terme,Catanzaro,Calabria,Italia,16.2671616,38.9174838,same_street_outlier,6140.4 m from same-street cluster centroid; nearest same-street civic is 5414.7 m away; progressive civic-number neighbour is 5559.1 m away,suspect_coordinate_present_in_original_anncsu_raw,external_geocode_candidate_plus_human_review,,,candidate_requires_human_review,medium,16.2908196,38.9640895,5571.6,P2_dedicated_provider_useful,,,,,,,,
anncsu_dedicated_geocoder_batch_1_2025,99,3516506,"VIA CARLO MARIA TALARICO 16, Lamezia Terme, Catanzaro, Calabria, Italia",VIA CARLO MARIA TALARICO,16,,Lamezia Terme,Catanzaro,Calabria,Italia,16.3205422,38.9778416,same_street_outlier,2159.4 m from same-street cluster centroid; nearest same-street civic is 1792.7 m away,suspect_coordinate_present_in_original_anncsu_raw,external_geocode_candidate_plus_human_review,,,candidate_requires_human_review,low,16.3105011,38.9637185,1794.4,P2_dedicated_provider_useful,,,,,,,,
anncsu_dedicated_geocoder_batch_1_2025,100,3516826,"VIA MONSIGNOR AZIO DAVOLI 224, Lamezia Terme, Catanzaro, Calabria, Italia",VIA MONSIGNOR AZIO DAVOLI,224,,Lamezia Terme,Catanzaro,Calabria,Italia,16.3195417,38.9752575,same_street_outlier,progressive civic-number neighbour is 4493.7 m away,suspect_coordinate_present_in_original_anncsu_raw,external_geocode_candidate_plus_human_review,,,candidate_requires_human_review,medium,16.3392948,38.9368839,4596.1,P2_dedicated_provider_useful,,,,,,,,
