review_rank,review_batch_id,review_priority_band,candidate_review_status,access_id,street,civico,esponente,coordinate_quality_flag,coordinate_suspect_reason,source_lon,source_lat,candidate_lon,candidate_lat,candidate_method,candidate_confidence,candidate_status,distance_from_source_m,anchor_count,numeric_anchor_count,nearest_anchor_distance_m,lower_anchor_access_id,lower_anchor_civic,upper_anchor_access_id,upper_anchor_civic,nearest_anchor_access_id,nearest_anchor_civic,external_geocoder_candidate_count,candidate_explanation,suggested_workbench_filter,recommended_review_action,notes
1,anncsu_coordinate_review_batch_1_2025,batch_1,ready_for_manual_review,3520443,VIA DEI BIZANTINI,195,B,same_street_outlier,nearest same-street civic is 533.7 m away; progressive civic-number neighbour is 1339.2 m away,16.2952975,38.9622472,16.3040313,38.9521376,same_street_same_civic_number_anchor,medium,candidate_requires_human_review,1354.2,357,357,809.0,,,,,3516062,268,0,6 same-street anchor(s) share civic number 195.,access_id:3520443,"Open this access_id in the workbench; accept as manual_coordinate_override only after checking ANNCSU label, street-register evidence, and local context.",Batching does not apply coordinates. Export JSON decisions and run the coordinate-decision audit before recovery-layer use.
2,anncsu_coordinate_review_batch_1_2025,batch_1,ready_for_manual_review,3519808,CONTRADA GABELLA,45,,same_street_outlier,nearest same-street civic is 2961.5 m away; progressive civic-number neighbour is 3012.6 m away,16.2455054,38.9976349,16.2744573,38.9825926,same_street_same_civic_number_anchor,medium,candidate_requires_human_review,3009.8,81,81,2958.7,,,,,3519854,91,0,1 same-street anchor(s) share civic number 45.,access_id:3519808,"Open this access_id in the workbench; accept as manual_coordinate_override only after checking ANNCSU label, street-register evidence, and local context.",Batching does not apply coordinates. Export JSON decisions and run the coordinate-decision audit before recovery-layer use.
3,anncsu_coordinate_review_batch_1_2025,batch_1,ready_for_manual_review,3519781,CONTRADA GABELLA,290,,same_street_outlier,progressive civic-number neighbour is 1928.8 m away,16.2961929,38.982958,16.3415815,38.9537039,same_street_same_civic_number_anchor,medium,candidate_requires_human_review,5097.0,81,81,537.6,,,,,3519828,250,0,1 same-street anchor(s) share civic number 290.,access_id:3519781,"Open this access_id in the workbench; accept as manual_coordinate_override only after checking ANNCSU label, street-register evidence, and local context.",Batching does not apply coordinates. Export JSON decisions and run the coordinate-decision audit before recovery-layer use.
4,anncsu_coordinate_review_batch_1_2025,batch_1,ready_for_manual_review,3535225,VIA ALDO MORO,40,S,same_street_outlier,nearest same-street civic is 2497.9 m away; progressive civic-number neighbour is 2642.2 m away,16.2800975,38.9650842,16.3348419,38.9487546,same_street_same_civic_number_anchor,medium,candidate_requires_human_review,5069.9,68,68,2493.4,,,,,3535230,46,0,15 same-street anchor(s) share civic number 40.,access_id:3535225,"Open this access_id in the workbench; accept as manual_coordinate_override only after checking ANNCSU label, street-register evidence, and local context.",Batching does not apply coordinates. Export JSON decisions and run the coordinate-decision audit before recovery-layer use.
5,anncsu_coordinate_review_batch_1_2025,batch_1,ready_for_manual_review,3526951,VIA BERNARDINO TELESIO,17,A,same_street_outlier,nearest same-street civic is 1036.0 m away; progressive civic-number neighbour is 1254.8 m away,16.2862562,38.9537183,16.2828543,38.9647079,same_street_same_civic_number_anchor,medium,candidate_requires_human_review,1256.9,57,57,1036.7,,,,,3526956,28,0,1 same-street anchor(s) share civic number 17.,access_id:3526951,"Open this access_id in the workbench; accept as manual_coordinate_override only after checking ANNCSU label, street-register evidence, and local context.",Batching does not apply coordinates. Export JSON decisions and run the coordinate-decision audit before recovery-layer use.
6,anncsu_coordinate_review_batch_1_2025,batch_1,ready_for_manual_review,3526973,VIA BERNARDINO TELESIO,54,C,same_street_outlier,nearest same-street civic is 1204.9 m away; progressive civic-number neighbour is 4146.7 m away,16.3244652,38.9828775,16.2829723,38.9642488,same_street_same_civic_number_anchor,medium,candidate_requires_human_review,4142.1,57,57,1206.1,,,,,3526975,58,0,4 same-street anchor(s) share civic number 54.,access_id:3526973,"Open this access_id in the workbench; accept as manual_coordinate_override only after checking ANNCSU label, street-register evidence, and local context.",Batching does not apply coordinates. Export JSON decisions and run the coordinate-decision audit before recovery-layer use.
7,anncsu_coordinate_review_batch_1_2025,batch_1,ready_for_manual_review,3572084,CORSO NUMISTRANO,37,B,same_street_outlier,4992.4 m from same-street cluster centroid; nearest same-street civic is 2502.4 m away; rare census-cell placement for same-street civics; progressive civic-number neighbour is 5633.3 m away,16.2588338,38.9582774,16.319956,38.9755782,same_street_same_civic_number_anchor,medium,candidate_requires_human_review,5623.6,53,53,2626.7,,,,,3572105,69,0,1 same-street anchor(s) share civic number 37.,access_id:3572084,"Open this access_id in the workbench; accept as manual_coordinate_override only after checking ANNCSU label, street-register evidence, and local context.",Batching does not apply coordinates. Export JSON decisions and run the coordinate-decision audit before recovery-layer use.
8,anncsu_coordinate_review_batch_1_2025,batch_1,ready_for_manual_review,3529347,VIA ANTONELLO DA MESSINA,54,,same_street_outlier,4602.9 m from same-street cluster centroid; nearest same-street civic is 3738.1 m away; progressive civic-number neighbour is 4256.0 m away,16.24053,38.9909267,16.2807241,38.9688659,same_street_same_civic_number_anchor,medium,candidate_requires_human_review,4253.1,50,50,3738.3,,,,,3529321,17,0,1 same-street anchor(s) share civic number 54.,access_id:3529347,"Open this access_id in the workbench; accept as manual_coordinate_override only after checking ANNCSU label, street-register evidence, and local context.",Batching does not apply coordinates. Export JSON decisions and run the coordinate-decision audit before recovery-layer use.
9,anncsu_coordinate_review_batch_1_2025,batch_1,ready_for_manual_review,3524776,VIA ANTONIO DE MEDICI,15,B,same_street_outlier,nearest same-street civic is 1544.6 m away; progressive civic-number neighbour is 1730.4 m away,16.3051329,38.956494,16.3070765,38.9720792,same_street_same_civic_number_anchor,medium,candidate_requires_human_review,1741.1,45,45,1733.6,,,,,3524777,15,0,2 same-street anchor(s) share civic number 15.,access_id:3524776,"Open this access_id in the workbench; accept as manual_coordinate_override only after checking ANNCSU label, street-register evidence, and local context.",Batching does not apply coordinates. Export JSON decisions and run the coordinate-decision audit before recovery-layer use.
10,anncsu_coordinate_review_batch_1_2025,batch_1,ready_for_manual_review,3528302,CONTRADA BUCOLIA DI SOTTO,56,,same_street_outlier,3104.8 m from same-street cluster centroid; nearest same-street civic is 2588.2 m away; progressive civic-number neighbour is 2676.2 m away,16.3198425,38.9806635,16.2899066,38.988473,same_street_same_civic_number_anchor,medium,candidate_requires_human_review,2729.3,40,40,2583.2,,,,,3528330,114,0,2 same-street anchor(s) share civic number 56.,access_id:3528302,"Open this access_id in the workbench; accept as manual_coordinate_override only after checking ANNCSU label, street-register evidence, and local context.",Batching does not apply coordinates. Export JSON decisions and run the coordinate-decision audit before recovery-layer use.
11,anncsu_coordinate_review_batch_1_2025,batch_1,ready_for_manual_review,3562717,VIA STATTI VIGNOLA,31,A,same_street_outlier,progressive civic-number neighbour is 716.6 m away,16.3227753,38.979608,16.3228291,38.9731513,same_street_same_civic_number_anchor,medium,candidate_requires_human_review,718.0,38,38,459.0,,,,,3562722,16,0,1 same-street anchor(s) share civic number 31.,access_id:3562717,"Open this access_id in the workbench; accept as manual_coordinate_override only after checking ANNCSU label, street-register evidence, and local context.",Batching does not apply coordinates. Export JSON decisions and run the coordinate-decision audit before recovery-layer use.
12,anncsu_coordinate_review_batch_1_2025,batch_1,ready_for_manual_review,3537393,VIA TIMAVO,13,A,same_street_outlier,nearest same-street civic is 717.6 m away; progressive civic-number neighbour is 726.5 m away,16.3181308,38.9739601,16.3209243,38.9677332,same_street_same_civic_number_anchor,medium,candidate_requires_human_review,733.3,36,36,718.6,,,,,3537433,9,0,2 same-street anchor(s) share civic number 13.,access_id:3537393,"Open this access_id in the workbench; accept as manual_coordinate_override only after checking ANNCSU label, street-register evidence, and local context.",Batching does not apply coordinates. Export JSON decisions and run the coordinate-decision audit before recovery-layer use.
13,anncsu_coordinate_review_batch_1_2025,batch_1,ready_for_manual_review,3524034,VIA DELLE ROSE,29,,same_street_outlier,nearest same-street civic is 792.6 m away; progressive civic-number neighbour is 1168.8 m away,16.2840951,38.957373,16.2824492,38.9681481,same_street_same_civic_number_anchor,medium,candidate_requires_human_review,1206.6,34,34,793.5,,,,,3524029,11,0,1 same-street anchor(s) share civic number 29.,access_id:3524034,"Open this access_id in the workbench; accept as manual_coordinate_override only after checking ANNCSU label, street-register evidence, and local context.",Batching does not apply coordinates. Export JSON decisions and run the coordinate-decision audit before recovery-layer use.
14,anncsu_coordinate_review_batch_1_2025,batch_1,ready_for_manual_review,3565191,VIA GIOVANNI VENTITREESIMO,22,A,same_street_outlier,progressive civic-number neighbour is 3421.9 m away,16.2833685,38.9650263,16.2512812,38.9209753,same_street_same_civic_number_anchor,medium,candidate_requires_human_review,5629.7,33,33,3322.3,,,,,3565169,18,0,1 same-street anchor(s) share civic number 22.,access_id:3565191,"Open this access_id in the workbench; accept as manual_coordinate_override only after checking ANNCSU label, street-register evidence, and local context.",Batching does not apply coordinates. Export JSON decisions and run the coordinate-decision audit before recovery-layer use.
15,anncsu_coordinate_review_batch_1_2025,batch_1,ready_for_manual_review,3530601,CONTRADA CROZZANO SUPERIORE,95,,same_street_outlier,progressive civic-number neighbour is 3830.2 m away,16.2477534,39.011431,16.2827353,38.9894781,same_street_same_civic_number_anchor,medium,candidate_requires_human_review,3885.5,30,30,3827.1,,,,,3530597,166,0,1 same-street anchor(s) share civic number 95.,access_id:3530601,"Open this access_id in the workbench; accept as manual_coordinate_override only after checking ANNCSU label, street-register evidence, and local context.",Batching does not apply coordinates. Export JSON decisions and run the coordinate-decision audit before recovery-layer use.
16,anncsu_coordinate_review_batch_1_2025,batch_1,ready_for_manual_review,3527420,VIA BENEVENTO,1,,same_street_outlier,nearest same-street civic is 2126.2 m away; progressive civic-number neighbour is 2127.2 m away,16.323683,38.9797647,16.3194304,38.9608928,same_street_same_civic_number_anchor,medium,candidate_requires_human_review,2130.4,27,27,2129.9,,,,,3527425,1,0,2 same-street anchor(s) share civic number 1.,access_id:3527420,"Open this access_id in the workbench; accept as manual_coordinate_override only after checking ANNCSU label, street-register evidence, and local context.",Batching does not apply coordinates. Export JSON decisions and run the coordinate-decision audit before recovery-layer use.
17,anncsu_coordinate_review_batch_1_2025,batch_1,ready_for_manual_review,3527426,VIA BENEVENTO,1,C,same_street_outlier,nearest same-street civic is 502.7 m away; progressive civic-number neighbour is 502.7 m away,16.2864423,38.959954,16.3194304,38.9608928,same_street_same_civic_number_anchor,medium,candidate_requires_human_review,2854.2,27,27,503.7,,,,,3527418,2,0,2 same-street anchor(s) share civic number 1.,access_id:3527426,"Open this access_id in the workbench; accept as manual_coordinate_override only after checking ANNCSU label, street-register evidence, and local context.",Batching does not apply coordinates. Export JSON decisions and run the coordinate-decision audit before recovery-layer use.
18,anncsu_coordinate_review_batch_1_2025,batch_1,ready_for_manual_review,3513809,VIA FRANCESCO COSTABILE,12,,same_street_outlier,progressive civic-number neighbour is 635.7 m away,16.2870397,38.9655834,16.2797234,38.9651556,same_street_same_civic_number_anchor,medium,candidate_requires_human_review,634.3,25,25,252.9,,,,,3513820,1,0,1 same-street anchor(s) share civic number 12.,access_id:3513809,"Open this access_id in the workbench; accept as manual_coordinate_override only after checking ANNCSU label, street-register evidence, and local context.",Batching does not apply coordinates. Export JSON decisions and run the coordinate-decision audit before recovery-layer use.
19,anncsu_coordinate_review_batch_1_2025,batch_1,ready_for_manual_review,3523735,CONTRADA CROZZANO INFERIORE,63,A,same_street_outlier,3326.2 m from same-street cluster centroid; nearest same-street civic is 1429.5 m away; rare census-cell placement for same-street civics; progressive civic-number neighbour is 3655.5 m away,16.3245016,38.9828973,16.2827535,38.9877062,same_street_same_civic_number_anchor,medium,candidate_requires_human_review,3647.8,22,22,3633.3,,,,,3523719,22,0,1 same-street anchor(s) share civic number 63.,access_id:3523735,"Open this access_id in the workbench; accept as manual_coordinate_override only after checking ANNCSU label, street-register evidence, and local context.",Batching does not apply coordinates. Export JSON decisions and run the coordinate-decision audit before recovery-layer use.
20,anncsu_coordinate_review_batch_1_2025,batch_1,ready_for_manual_review,3523736,CONTRADA CROZZANO INFERIORE,16,A,same_street_outlier,4264.0 m from same-street cluster centroid; nearest same-street civic is 1429.5 m away; rare census-cell placement for same-street civics; point is near validated ANNCSU civics labelled CONTRADA GACCIA (22 of nearby context within 120 m); progressive civic-number neighbour is 4568.2 m away,16.3312092,38.9711303,16.2828539,38.9877038,same_street_same_civic_number_anchor,medium,candidate_requires_human_review,4568.1,22,22,4561.1,,,,,3523719,22,0,1 same-street anchor(s) share civic number 16.,access_id:3523736,"Open this access_id in the workbench; accept as manual_coordinate_override only after checking ANNCSU label, street-register evidence, and local context.",Batching does not apply coordinates. Export JSON decisions and run the coordinate-decision audit before recovery-layer use.
21,anncsu_coordinate_review_batch_1_2025,batch_1,ready_for_manual_review,3602867,TRAVERSA PRIMA DI VIA GIORGIO AMENDOLA,7,,same_street_outlier,nearest same-street civic is 1434.0 m away; progressive civic-number neighbour is 1454.9 m away,16.3112171,38.9586074,16.3178332,38.9706673,same_street_same_civic_number_anchor,medium,candidate_requires_human_review,1457.9,21,21,1435.8,,,,,3602864,7,0,7 same-street anchor(s) share civic number 7.,access_id:3602867,"Open this access_id in the workbench; accept as manual_coordinate_override only after checking ANNCSU label, street-register evidence, and local context.",Batching does not apply coordinates. Export JSON decisions and run the coordinate-decision audit before recovery-layer use.
22,anncsu_coordinate_review_batch_1_2025,batch_1,ready_for_manual_review,3539275,CONTRADA GUERRIERI SERRA,131,A,same_street_outlier,progressive civic-number neighbour is 5825.5 m away,16.2477534,39.011431,16.3041626,38.9828162,same_street_same_civic_number_anchor,medium,candidate_requires_human_review,5821.3,20,20,5817.0,,,,,3539285,85,0,1 same-street anchor(s) share civic number 131.,access_id:3539275,"Open this access_id in the workbench; accept as manual_coordinate_override only after checking ANNCSU label, street-register evidence, and local context.",Batching does not apply coordinates. Export JSON decisions and run the coordinate-decision audit before recovery-layer use.
23,anncsu_coordinate_review_batch_1_2025,batch_1,ready_for_manual_review,3529063,VIA UMBERTO I,8,A,same_street_outlier,nearest same-street civic is 739.3 m away; progressive civic-number neighbour is 5717.0 m away,16.2477019,38.9227386,16.2838253,38.9660319,same_street_same_civic_number_anchor,medium,candidate_requires_human_review,5738.8,19,19,739.7,,,,,3529045,11,0,1 same-street anchor(s) share civic number 8.,access_id:3529063,"Open this access_id in the workbench; accept as manual_coordinate_override only after checking ANNCSU label, street-register evidence, and local context.",Batching does not apply coordinates. Export JSON decisions and run the coordinate-decision audit before recovery-layer use.
24,anncsu_coordinate_review_batch_1_2025,batch_1,ready_for_manual_review,3525975,CONTRADA VALLE RICCIARDI INFERIORE,40,A,same_street_outlier,7126.4 m from same-street cluster centroid; nearest same-street civic is 7508.6 m away; rare census-cell placement for same-street civics; progressive civic-number neighbour is 7511.0 m away,16.3194083,38.9751664,16.2399503,39.0053859,same_street_same_civic_number_anchor,medium,candidate_requires_human_review,7645.3,15,15,7498.1,,,,,3525968,42,0,1 same-street anchor(s) share civic number 40.,access_id:3525975,"Open this access_id in the workbench; accept as manual_coordinate_override only after checking ANNCSU label, street-register evidence, and local context.",Batching does not apply coordinates. Export JSON decisions and run the coordinate-decision audit before recovery-layer use.
25,anncsu_coordinate_review_batch_1_2025,batch_1,ready_for_manual_review,3522563,VIA ALBERT EINSTEIN,1,A,same_street_outlier,nearest same-street civic is 1727.3 m away; progressive civic-number neighbour is 1751.2 m away,16.3277317,38.9578573,16.3184014,38.9718406,same_street_same_civic_number_anchor,medium,candidate_requires_human_review,1751.7,11,11,1729.0,,,,,3522569,4,0,6 same-street anchor(s) share civic number 1.,access_id:3522563,"Open this access_id in the workbench; accept as manual_coordinate_override only after checking ANNCSU label, street-register evidence, and local context.",Batching does not apply coordinates. Export JSON decisions and run the coordinate-decision audit before recovery-layer use.
26,anncsu_coordinate_review_batch_1_2025,batch_1,ready_for_manual_review,3517629,VIA CASTEL FIDARDO,7,B,same_street_outlier,nearest same-street civic is 777.5 m away; point is near validated ANNCSU civics labelled VIA DEI BIZANTINI (16 of nearby context within 120 m); progressive civic-number neighbour is 3651.7 m away,16.2990412,38.9463393,16.3177584,38.9758179,same_street_same_civic_number_anchor,medium,candidate_requires_human_review,3655.6,8,8,778.1,,,,,3517626,18,0,1 same-street anchor(s) share civic number 7.,access_id:3517629,"Open this access_id in the workbench; accept as manual_coordinate_override only after checking ANNCSU label, street-register evidence, and local context.",Batching does not apply coordinates. Export JSON decisions and run the coordinate-decision audit before recovery-layer use.
27,anncsu_coordinate_review_batch_1_2025,batch_1,ready_for_manual_review,3531953,VIA ANTONIO DE CURTIS,1,B,same_street_outlier,3542.3 m from same-street cluster centroid; nearest same-street civic is 3894.3 m away; rare census-cell placement for same-street civics; progressive civic-number neighbour is 4006.1 m away,16.3114486,38.9602113,16.3467277,38.9835518,same_street_same_civic_number_anchor,medium,candidate_requires_human_review,4004.7,8,8,3892.9,,,,,3531958,6,0,4 same-street anchor(s) share civic number 1.,access_id:3531953,"Open this access_id in the workbench; accept as manual_coordinate_override only after checking ANNCSU label, street-register evidence, and local context.",Batching does not apply coordinates. Export JSON decisions and run the coordinate-decision audit before recovery-layer use.
28,anncsu_coordinate_review_batch_1_2025,batch_1,ready_for_manual_review,3537740,VIA MONTELLO,1,A,same_street_outlier,5602.9 m from same-street cluster centroid; nearest same-street civic is 6314.5 m away; rare census-cell placement for same-street civics; progressive civic-number neighbour is 6355.6 m away,16.2527906,38.9204465,16.3002822,38.96423,same_street_same_civic_number_anchor,medium,candidate_requires_human_review,6369.6,7,7,6315.6,,,,,3537736,13,0,2 same-street anchor(s) share civic number 1.,access_id:3537740,"Open this access_id in the workbench; accept as manual_coordinate_override only after checking ANNCSU label, street-register evidence, and local context.",Batching does not apply coordinates. Export JSON decisions and run the coordinate-decision audit before recovery-layer use.
29,anncsu_coordinate_review_batch_1_2025,batch_1,ready_for_manual_review,3517116,CONTRADA CARRA' VOLPE,68,1,same_street_outlier,nearest same-street civic is 3292.7 m away; progressive civic-number neighbour is 3633.6 m away,16.3277774,38.9478703,16.2414247,38.9856835,same_street_same_civic_number_anchor,medium,candidate_requires_human_review,8568.2,5,5,3640.3,,,,,3515056,13,0,2 same-street anchor(s) share civic number 68.,access_id:3517116,"Open this access_id in the workbench; accept as manual_coordinate_override only after checking ANNCSU label, street-register evidence, and local context.",Batching does not apply coordinates. Export JSON decisions and run the coordinate-decision audit before recovery-layer use.
30,anncsu_coordinate_review_batch_1_2025,batch_1,ready_for_manual_review,3528451,VIA INGEGNERE GIUSEPPE D'AUDINO,1,A,same_street_outlier,5900.4 m from same-street cluster centroid; nearest same-street civic is 7356.4 m away; rare census-cell placement for same-street civics; progressive civic-number neighbour is 7374.5 m away,16.2566513,38.919359,16.3072167,38.972798,same_street_same_civic_number_anchor,medium,candidate_requires_human_review,7377.8,4,4,7359.6,,,,,3528450,16,0,1 same-street anchor(s) share civic number 1.,access_id:3528451,"Open this access_id in the workbench; accept as manual_coordinate_override only after checking ANNCSU label, street-register evidence, and local context.",Batching does not apply coordinates. Export JSON decisions and run the coordinate-decision audit before recovery-layer use.
31,anncsu_coordinate_review_batch_1_2025,batch_1,ready_for_manual_review,3517041,LOCALITA' CAFARELLO,6,A,same_street_outlier,3508.3 m from same-street cluster centroid; nearest same-street civic is 4294.7 m away,16.3183384,38.9746517,16.2731411,38.9931342,same_street_same_civic_number_anchor,medium,candidate_requires_human_review,4414.2,3,3,4414.2,,,,,3517040,6,0,1 same-street anchor(s) share civic number 6.,access_id:3517041,"Open this access_id in the workbench; accept as manual_coordinate_override only after checking ANNCSU label, street-register evidence, and local context.",Batching does not apply coordinates. Export JSON decisions and run the coordinate-decision audit before recovery-layer use.
32,anncsu_coordinate_review_batch_1_2025,batch_1,ready_for_manual_review,3531928,VIA DEL PROGRESSO,533,,street_context_mismatch,point is near validated ANNCSU civics labelled VIA DEL MARE (12 of nearby context within 120 m),16.280143,38.9615629,16.3310609,38.947558,same_street_same_civic_number_anchor,medium,candidate_requires_human_review,4670.2,499,499,246.9,,,,,3531881,377,0,1 same-street anchor(s) share civic number 533.,access_id:3531928,"Open this access_id in the workbench; accept as manual_coordinate_override only after checking ANNCSU label, street-register evidence, and local context.",Batching does not apply coordinates. Export JSON decisions and run the coordinate-decision audit before recovery-layer use.
33,anncsu_coordinate_review_batch_1_2025,batch_1,ready_for_manual_review,3522438,VIA GIOACCHINO MURAT,111,,street_context_mismatch,point is near validated ANNCSU civics labelled VIA DEGLI SVEVI (6 of nearby context within 120 m),16.3244874,38.9456708,16.3233014,38.9445329,same_street_same_civic_number_anchor,medium,candidate_requires_human_review,162.9,125,125,128.1,,,,,3522349,109,0,1 same-street anchor(s) share civic number 111.,access_id:3522438,"Open this access_id in the workbench; accept as manual_coordinate_override only after checking ANNCSU label, street-register evidence, and local context.",Batching does not apply coordinates. Export JSON decisions and run the coordinate-decision audit before recovery-layer use.
34,anncsu_coordinate_review_batch_1_2025,batch_1,ready_for_manual_review,3512013,VIA AURELIO CASSIODORO,14,,street_context_mismatch,point is near validated ANNCSU civics labelled VIA AFRICA (21 of nearby context within 120 m),16.3377493,38.9505043,16.3063225,38.9533279,same_street_same_civic_number_anchor,medium,candidate_requires_human_review,2735.7,42,42,287.5,,,,,3512026,4,0,1 same-street anchor(s) share civic number 14.,access_id:3512013,"Open this access_id in the workbench; accept as manual_coordinate_override only after checking ANNCSU label, street-register evidence, and local context.",Batching does not apply coordinates. Export JSON decisions and run the coordinate-decision audit before recovery-layer use.
35,anncsu_coordinate_review_batch_1_2025,batch_1,ready_for_manual_review,3528313,CONTRADA BUCOLIA DI SOTTO,20,A,street_context_mismatch,point is near validated ANNCSU civics labelled CONTRADA CANTARELLE (11 of nearby context within 120 m),16.251427,39.004828,16.2897128,38.9885369,same_street_same_civic_number_anchor,medium,candidate_requires_human_review,3772.1,40,40,163.7,,,,,3528326,8,0,1 same-street anchor(s) share civic number 20.,access_id:3528313,"Open this access_id in the workbench; accept as manual_coordinate_override only after checking ANNCSU label, street-register evidence, and local context.",Batching does not apply coordinates. Export JSON decisions and run the coordinate-decision audit before recovery-layer use.
36,anncsu_coordinate_review_batch_1_2025,batch_1,ready_for_manual_review,3527325,CONTRADA ACQUADAUZANO,375,,needs_manual_coordinate_review,rare census-cell placement for same-street civics,16.3049541,38.9870505,16.305187,38.9865702,same_street_same_civic_number_anchor,medium,candidate_requires_human_review,57.1,75,75,57.1,,,,,3527324,375,0,1 same-street anchor(s) share civic number 375.,access_id:3527325,"Open this access_id in the workbench; accept as manual_coordinate_override only after checking ANNCSU label, street-register evidence, and local context.",Batching does not apply coordinates. Export JSON decisions and run the coordinate-decision audit before recovery-layer use.
37,anncsu_coordinate_review_batch_1_2025,batch_1,ready_for_manual_review,3526015,CONTRADA ANNUNZIATA,105,,outside_boundary,outside municipal boundary candidate by 146.0 m; progressive civic-number neighbour is 877.0 m away,16.3030348,38.9905196,16.3007554,38.9827821,same_street_civic_number_interpolation,medium,candidate_requires_human_review,882.6,37,37,419.9,3526014,103,3525990,109,3526024,30,0,Interpolated civic 105 between same-street anchors 103 and 109.,access_id:3526015,"Open this access_id in the workbench; accept as manual_coordinate_override only after checking ANNCSU label, street-register evidence, and local context.",Batching does not apply coordinates. Export JSON decisions and run the coordinate-decision audit before recovery-layer use.
38,anncsu_coordinate_review_batch_1_2025,batch_1,ready_for_manual_review,3514824,CONTRADA AGLI,18,,outside_boundary,outside municipal boundary candidate by 146.0 m; 3559.2 m from same-street cluster centroid; nearest same-street civic is 808.2 m away; progressive civic-number neighbour is 4032.2 m away,16.3030348,38.9905196,16.3454583,38.9755658,same_street_civic_number_interpolation,medium,candidate_requires_human_review,4026.3,14,14,3956.9,3514819,17,3514827,19,3514833,8,0,Interpolated civic 18 between same-street anchors 17 and 19.,access_id:3514824,"Open this access_id in the workbench; accept as manual_coordinate_override only after checking ANNCSU label, street-register evidence, and local context.",Batching does not apply coordinates. Export JSON decisions and run the coordinate-decision audit before recovery-layer use.
39,anncsu_coordinate_review_batch_1_2025,batch_1,ready_for_manual_review,3538433,VIA DEL PROGRESSO,73,,same_street_outlier,progressive civic-number neighbour is 1014.8 m away,16.318104,38.972118,16.3251635,38.964755,same_street_civic_number_interpolation,medium,candidate_requires_human_review,1021.2,499,499,271.3,3534002,72,3534003,74,3536185,236,0,Interpolated civic 73 between same-street anchors 72 and 74.,access_id:3538433,"Open this access_id in the workbench; accept as manual_coordinate_override only after checking ANNCSU label, street-register evidence, and local context.",Batching does not apply coordinates. Export JSON decisions and run the coordinate-decision audit before recovery-layer use.
40,anncsu_coordinate_review_batch_1_2025,batch_1,ready_for_manual_review,3536139,VIA DEL PROGRESSO,582,2,same_street_outlier,progressive civic-number neighbour is 2133.2 m away,16.3330573,38.926976,16.3324534,38.9461918,same_street_civic_number_interpolation,medium,candidate_requires_human_review,2137.3,499,499,323.5,3533978,581,3538404,583,3536109,552,0,Interpolated civic 582 between same-street anchors 581 and 583.,access_id:3536139,"Open this access_id in the workbench; accept as manual_coordinate_override only after checking ANNCSU label, street-register evidence, and local context.",Batching does not apply coordinates. Export JSON decisions and run the coordinate-decision audit before recovery-layer use.
41,anncsu_coordinate_review_batch_1_2025,batch_1,ready_for_manual_review,3536113,VIA DEL PROGRESSO,610,,same_street_outlier,progressive civic-number neighbour is 2329.2 m away,16.3338241,38.9240589,16.3249215,38.9601771,same_street_civic_number_interpolation,medium,candidate_requires_human_review,4089.3,499,499,651.8,3533986,609,3533987,611,3536109,552,0,Interpolated civic 610 between same-street anchors 609 and 611.,access_id:3536113,"Open this access_id in the workbench; accept as manual_coordinate_override only after checking ANNCSU label, street-register evidence, and local context.",Batching does not apply coordinates. Export JSON decisions and run the coordinate-decision audit before recovery-layer use.
42,anncsu_coordinate_review_batch_1_2025,batch_1,ready_for_manual_review,3520440,VIA DEI BIZANTINI,181,,same_street_outlier,progressive civic-number neighbour is 1795.0 m away,16.2896293,38.9641287,16.3007499,38.948848,same_street_civic_number_interpolation,medium,candidate_requires_human_review,1952.4,357,357,299.2,3520366,180,3518191,183,3516062,268,0,Interpolated civic 181 between same-street anchors 180 and 183.,access_id:3520440,"Open this access_id in the workbench; accept as manual_coordinate_override only after checking ANNCSU label, street-register evidence, and local context.",Batching does not apply coordinates. Export JSON decisions and run the coordinate-decision audit before recovery-layer use.
43,anncsu_coordinate_review_batch_1_2025,batch_1,ready_for_manual_review,3553301,VIA DEI BIZANTINI,57,,same_street_outlier,nearest same-street civic is 594.1 m away; progressive civic-number neighbour is 623.0 m away,16.2768912,38.9549174,16.3013435,38.9554939,same_street_civic_number_interpolation,medium,candidate_requires_human_review,2115.3,357,357,595.1,3518239,56,3553302,58,3553298,53,0,Interpolated civic 57 between same-street anchors 56 and 58.,access_id:3553301,"Open this access_id in the workbench; accept as manual_coordinate_override only after checking ANNCSU label, street-register evidence, and local context.",Batching does not apply coordinates. Export JSON decisions and run the coordinate-decision audit before recovery-layer use.
44,anncsu_coordinate_review_batch_1_2025,batch_1,ready_for_manual_review,3520410,VIA DEI BIZANTINI,131,,same_street_outlier,nearest same-street civic is 517.8 m away; progressive civic-number neighbour is 3214.6 m away,16.2679017,38.9617222,16.3035439,38.9529847,same_street_civic_number_interpolation,medium,candidate_requires_human_review,3231.4,357,357,516.8,3518162,130,3518163,132,3520405,127,0,Interpolated civic 131 between same-street anchors 130 and 132.,access_id:3520410,"Open this access_id in the workbench; accept as manual_coordinate_override only after checking ANNCSU label, street-register evidence, and local context.",Batching does not apply coordinates. Export JSON decisions and run the coordinate-decision audit before recovery-layer use.
45,anncsu_coordinate_review_batch_1_2025,batch_1,ready_for_manual_review,3535167,VIA ACQUAFREDDA,82,,same_street_outlier,progressive civic-number neighbour is 680.8 m away,16.2803995,38.9456439,16.2996872,38.961908,same_street_civic_number_interpolation,medium,candidate_requires_human_review,2460.1,273,273,489.4,3533012,81,3521524,83,3535156,66,0,Interpolated civic 82 between same-street anchors 81 and 83.,access_id:3535167,"Open this access_id in the workbench; accept as manual_coordinate_override only after checking ANNCSU label, street-register evidence, and local context.",Batching does not apply coordinates. Export JSON decisions and run the coordinate-decision audit before recovery-layer use.
46,anncsu_coordinate_review_batch_1_2025,batch_1,ready_for_manual_review,3535135,VIA ACQUAFREDDA,239,,same_street_outlier,nearest same-street civic is 1219.1 m away; progressive civic-number neighbour is 5480.5 m away,16.3014126,38.970104,16.2409704,38.9878745,same_street_civic_number_interpolation,medium,candidate_requires_human_review,5585.8,273,273,1216.7,3535134,237,3521451,240,3532980,220,0,Interpolated civic 239 between same-street anchors 237 and 240.,access_id:3535135,"Open this access_id in the workbench; accept as manual_coordinate_override only after checking ANNCSU label, street-register evidence, and local context.",Batching does not apply coordinates. Export JSON decisions and run the coordinate-decision audit before recovery-layer use.
47,anncsu_coordinate_review_batch_1_2025,batch_1,ready_for_manual_review,3535126,VIA ACQUAFREDDA,228,,same_street_outlier,nearest same-street civic is 1413.1 m away; progressive civic-number neighbour is 7053.5 m away,16.3106471,38.95961,16.2402443,38.9916687,same_street_civic_number_interpolation,medium,candidate_requires_human_review,7053.1,273,273,1472.5,3535125,227,3535127,229,3533025,88,0,Interpolated civic 228 between same-street anchors 227 and 229.,access_id:3535126,"Open this access_id in the workbench; accept as manual_coordinate_override only after checking ANNCSU label, street-register evidence, and local context.",Batching does not apply coordinates. Export JSON decisions and run the coordinate-decision audit before recovery-layer use.
48,anncsu_coordinate_review_batch_1_2025,batch_1,ready_for_manual_review,3535128,VIA ACQUAFREDDA,230,,same_street_outlier,nearest same-street civic is 2062.1 m away; progressive civic-number neighbour is 9060.7 m away,16.3338061,38.9553419,16.240202,38.9918111,same_street_civic_number_interpolation,medium,candidate_requires_human_review,9051.1,273,273,2326.2,3535127,229,3521448,231,3521525,89,0,Interpolated civic 230 between same-street anchors 229 and 231.,access_id:3535128,"Open this access_id in the workbench; accept as manual_coordinate_override only after checking ANNCSU label, street-register evidence, and local context.",Batching does not apply coordinates. Export JSON decisions and run the coordinate-decision audit before recovery-layer use.
49,anncsu_coordinate_review_batch_1_2025,batch_1,ready_for_manual_review,3526395,VIA ROBERTO IL GUISCARDO,12,,same_street_outlier,progressive civic-number neighbour is 620.2 m away,16.3159654,38.9759628,16.3220053,38.9651057,same_street_civic_number_interpolation,medium,candidate_requires_human_review,1315.3,232,232,402.0,3526389,11,3528647,13,3528532,168,0,Interpolated civic 12 between same-street anchors 11 and 13.,access_id:3526395,"Open this access_id in the workbench; accept as manual_coordinate_override only after checking ANNCSU label, street-register evidence, and local context.",Batching does not apply coordinates. Export JSON decisions and run the coordinate-decision audit before recovery-layer use.
50,anncsu_coordinate_review_batch_1_2025,batch_1,ready_for_manual_review,3528601,VIA ROBERTO IL GUISCARDO,35,,same_street_outlier,nearest same-street civic is 1477.2 m away; progressive civic-number neighbour is 1577.9 m away,16.3027523,38.9579415,16.3213434,38.956979,same_street_civic_number_interpolation,medium,candidate_requires_human_review,1611.1,232,232,1474.0,3528600,34,3528602,36,3530891,75,0,Interpolated civic 35 between same-street anchors 34 and 36.,access_id:3528601,"Open this access_id in the workbench; accept as manual_coordinate_override only after checking ANNCSU label, street-register evidence, and local context.",Batching does not apply coordinates. Export JSON decisions and run the coordinate-decision audit before recovery-layer use.
