event_id,edition_year,event_title,video_id,date,location,speakers,moderator,main_topics,territorial_relevance,civic_relevance_score,analysis_status,notes
trame15_20260616_famiglie-che-accolgono,2026,Famiglie che accolgono,,2026-06-16,Piazzetta San Domenico,"Famiglie che accolgono; con Antonella Agnoli , i testimoni di Luna Rossa (SAI Minori Comunità Progetto Sud) e Maria Chiara Caruso (giornalista); Un saluto video del Cardinale Matteo Maria Zuppi;",,Famiglie che accolgono,Lamezia,5,not_started,Programma ufficiale martedi-16-giugno-2026; orario 19:00; fonte https://www.tramefestival.it/marted%C3%AC-16-giugno-2026
trame15_20260616_fate-i-tuoni,2026,Fate i tuoni,,2026-06-16,Piazzetta San Domenico,Fate i tuoni; uno spettacolo di Michele D’Ignazio; con Antonia Fama e Marco Zordan; regia di Marco Zordan; a cura di Compagnia Walden;,,Fate i tuoni,Lamezia,4,not_started,Programma ufficiale martedi-16-giugno-2026; orario 19:30; fonte https://www.tramefestival.it/marted%C3%AC-16-giugno-2026
trame15_20260616_inaugurazione-festival,2026,Inaugurazione Festival,,2026-06-16,Palazzo Nicotera,Inaugurazione Festival; Saluti istituzionali; Parteciperà il presidente della Regione Calabria Roberto Occhiuto ; ;;,,Inaugurazione Festival,Lamezia,5,not_started,Programma ufficiale martedi-16-giugno-2026; orario 17:00; fonte https://www.tramefestival.it/marted%C3%AC-16-giugno-2026
trame15_20260616_inaugurazione-mostre-trame-15,2026,Inaugurazione mostre Trame.15,,2026-06-16,Complesso San Domenico,"Inaugurazione mostre Trame.15; a seguire; Trame per il Patrimonio - Vedere la Democrazia; con Simona Bruni (Museo Archeologico Lametino), Stefania Mancuso (Università IULM), Massimo Sirelli (artista), Andrea Perrotta (innovacultura group e-bag srl), Francesco Cefalà (Fondazione Trame ETS), Fabrizio Sudano (Direzione Regionale Musei Nazionali Calabria) e Cristina Porcelli (Museo Archeologico Lametino);",,Inaugurazione mostre Trame.15,Lamezia,5,not_started,Programma ufficiale martedi-16-giugno-2026; orario 17:30; fonte https://www.tramefestival.it/marted%C3%AC-16-giugno-2026
trame15_20260616_la-linguistica-per-tutti,2026,La linguistica per tutti,,2026-06-16,Chiostro San Domenico,La linguistica per tutti; con il prof. Michele Cortelazzo (Accademia della Crusca); Lectio sul linguaggio delle mafie;,,La linguistica per tutti,Italia,4,not_started,Programma ufficiale martedi-16-giugno-2026; orario 18:30; fonte https://www.tramefestival.it/marted%C3%AC-16-giugno-2026
trame15_20260616_le-mafie-che-opprimono,2026,Le mafie che opprimono,,2026-06-16,Piazzetta San Domenico,"Le mafie che opprimono; con Bianca Turati (vincitrice Premio Morrione 2025), Francesco Cavalli (Premio Morrione) e Tommaso Panza (giornalista, già vincitore del Premio Morrione);",,Le mafie che opprimono,Italia,3,not_started,Programma ufficiale martedi-16-giugno-2026; orario 22:30; fonte https://www.tramefestival.it/marted%C3%AC-16-giugno-2026
trame15_20260616_leoni-di-sicilia,2026,Leoni di Sicilia,,2026-06-16,Piazzetta San Domenico,Leoni di Sicilia; con Stefania Auci e Gaetano Savatteri (giornalista);,,Leoni di Sicilia,Mezzogiorno,4,not_started,Programma ufficiale martedi-16-giugno-2026; orario 21:30; fonte https://www.tramefestival.it/marted%C3%AC-16-giugno-2026
trame15_20260616_oltre-la-narrazione-cronache-visive-di-un-mondo-in-movimento,2026,Oltre la narrazione: cronache visive di un mondo in movimento,,2026-06-16,Piazzetta San Domenico,Oltre la narrazione: cronache visive di un mondo in movimento; Giornata Mondiale del Rifugiato 2026; con Francesco Malavolta (giornalista e foto reporter) ;,,Oltre la narrazione: cronache visive di un mondo in movimento,Lamezia,5,not_started,Programma ufficiale martedi-16-giugno-2026; orario 20:30; fonte https://www.tramefestival.it/marted%C3%AC-16-giugno-2026
trame15_20260617_abitiamo-il-lametino,2026,Abitiamo il lametino,,2026-06-17,Piazzetta San Domenico,"Abitiamo il lametino; con Marina Galati (Comunità Progetto Sud), Nuccio Iovene (Fondazione Trame), Giuseppina Imbrogno (Università della Calabria), Damiano Berlingieri (Mediatore culturale Intrecci Abitiamo il Lametino ATS), Maria Consuelo Hafiz (Università Magna Graecia di Catanzaro) e Nello Trocchia (Domani); Incontro pubblico sull'abitare diffuso e l'inclusione sociale: nuove prospettive per i cittadini lametini di origine rom residente a Scordovillo.; Proiezione del primo video-racconto realizzato dal regista Mario Vitale .;;",,Abitiamo il lametino,Lamezia,5,not_started,Programma ufficiale mercoledi-17-giugno-2026; orario 20:00; fonte https://www.tramefestival.it/mercoled%C3%AC-17-giugno-2026
trame15_20260617_biblioteche-transmediali,2026,Biblioteche Transmediali,,2026-06-17,La Casa del Tempo - Trame in Città,Biblioteche Transmediali; con Ettore Perri;;,,Biblioteche Transmediali,general,3,not_started,Programma ufficiale mercoledi-17-giugno-2026; orario 15:00; fonte https://www.tramefestival.it/mercoled%C3%AC-17-giugno-2026
trame15_20260617_cera-lamore-a-sarajevo,2026,C’era l’amore a Sarajevo,,2026-06-17,Piazzetta San Domenico,C’era l’amore a Sarajevo; con Gigi Riva e Giuseppe Smorto (Repubblica);,,C’era l’amore a Sarajevo,transnational,3,not_started,Programma ufficiale mercoledi-17-giugno-2026; orario 19:00; fonte https://www.tramefestival.it/mercoled%C3%AC-17-giugno-2026
trame15_20260617_ecomafie-e-verita-sommerse,2026,Ecomafie e verità sommerse,,2026-06-17,"Palazzo Nicotera - Sala ""Giuseppe Perri""",Ecomafie e verità sommerse; con Stefano Ciafani (Legambiente) e Tommaso Panza (giornalista);;,,Ecomafie e verità sommerse,Lamezia,5,not_started,Programma ufficiale mercoledi-17-giugno-2026; orario 16:00; fonte https://www.tramefestival.it/mercoled%C3%AC-17-giugno-2026
trame15_20260617_eretici-e-disobbedienti,2026,Eretici e disobbedienti,,2026-06-17,Palazzo Nicotera,"Eretici e disobbedienti; con Toni Mira, Mons. Serafino Parisi (Vescovo di Lamezia Terme) e Maria Scaramuzzino (Gazzetta del sud);",,Eretici e disobbedienti,Lamezia,5,not_started,Programma ufficiale mercoledi-17-giugno-2026; orario 18:30; fonte https://www.tramefestival.it/mercoled%C3%AC-17-giugno-2026
trame15_20260617_etica-aziendale-presidio-di-legalita-e-territorio-libero-dalle-mafie,2026,Etica aziendale: presidio di legalità e territorio libero dalle mafie,,2026-06-17,"Palazzo Nicotera - Sala ""Giuseppe Perri""","Etica aziendale: presidio di legalità e territorio libero dalle mafie; con Pietro Falbo (Camera di Commercio CZ-KR-VV), Patrizia Di Dio (Confcommercio Imprese per l’Italia), Giuseppe Cotroneo (Confcommercio Lamezia Terme), Vincenzo Linarello (GOEL Gruppo Cooperativo, autore di ""manuale dell'etica efficace""), Daniele Gualtieri (CISL Magna Graecia) e Giuseppe Smorto (Repubblica);",,Etica aziendale: presidio di legalità e territorio libero dalle mafie,Lamezia,5,not_started,Programma ufficiale mercoledi-17-giugno-2026; orario 17:00; fonte https://www.tramefestival.it/mercoled%C3%AC-17-giugno-2026
trame15_20260617_il-lato-oscuro-della-germania,2026,Il lato oscuro della Germania,,2026-06-17,Chiostro San Domenico,"Il lato oscuro della Germania; con Ruggero Scaturro (GI-TOC), Anna Sergi (Università di Bologna), Judith Eisinger (mafianeindanke) e Michael Braun (TAZ);;",,Il lato oscuro della Germania,transnational,3,not_started,Programma ufficiale mercoledi-17-giugno-2026; orario 21:30; fonte https://www.tramefestival.it/mercoled%C3%AC-17-giugno-2026
trame15_20260617_in-memoria-di-giovanna-casadio,2026,In memoria di Giovanna Casadio,,2026-06-17,Redazione,In memoria di Giovanna Casadio; Volontarə di redazione incontrano Ippolita Luzzo (Il Regno della Litweb) ; ;;,,In memoria di Giovanna Casadio,general,3,not_started,Programma ufficiale mercoledi-17-giugno-2026; orario 15:00; fonte https://www.tramefestival.it/mercoled%C3%AC-17-giugno-2026
trame15_20260617_la-mafia-albanese-alla-conquista-del-mondo,2026,La mafia albanese alla conquista del mondo,,2026-06-17,Piazzetta San Domenico,"La mafia albanese alla conquista del mondo; con Nello Trocchia , Luca Tescaroli (Procuratore di Prato) e Giovanni Tizian;",,La mafia albanese alla conquista del mondo,transnational,3,not_started,Programma ufficiale mercoledi-17-giugno-2026; orario 21:00; fonte https://www.tramefestival.it/mercoled%C3%AC-17-giugno-2026
trame15_20260617_la-ragazza-che-si-ribello-alla-mafia,2026,La ragazza che si ribellò alla mafia,,2026-06-17,Piazza Mazzini Pan&Quotidiano - Trame in Città,La ragazza che si ribellò alla mafia; con Daniele Aristarco e Elisa Chiriano (radio Ciak),,La ragazza che si ribellò alla mafia,Italia,3,not_started,Programma ufficiale mercoledi-17-giugno-2026; orario 19:00; fonte https://www.tramefestival.it/mercoled%C3%AC-17-giugno-2026
trame15_20260617_le-mafie-della-tensione,2026,Le mafie della tensione,,2026-06-17,Chiostro San Domenico,Le mafie della tensione; con Enzo Ciconte e Gianfranco Manfredi (giornalista);,,Le mafie della tensione,Italia,4,not_started,Programma ufficiale mercoledi-17-giugno-2026; orario 18:30; fonte https://www.tramefestival.it/mercoled%C3%AC-17-giugno-2026
trame15_20260617_le-mafie-non-giocano,2026,Le mafie non giocano,,2026-06-17,Palazzo Nicotera,Le mafie non giocano; con Toni Mira e Andrea Giambartolomei (Lavialibera);,,Le mafie non giocano,Lamezia,5,not_started,Programma ufficiale mercoledi-17-giugno-2026; orario 18:00; fonte https://www.tramefestival.it/mercoled%C3%AC-17-giugno-2026
trame15_20260617_ragazzi-daltri-tempi,2026,Ragazzi d’altri tempi,,2026-06-17,Piazzetta San Domenico,"Ragazzi d’altri tempi; con Alessia Arcolaci (42 Parallelo);; a seguire;; Trame Visioni; Docuserie Rai I ragazzi delle scorte Episodio Rocco e Giuseppe Ragazzi d’altri tempi , produzione 42; PARALLELO;",,Ragazzi d’altri tempi,general,2,not_started,Programma ufficiale mercoledi-17-giugno-2026; orario 22:00; fonte https://www.tramefestival.it/mercoled%C3%AC-17-giugno-2026
trame15_20260617_spina-napoli-1996-2016,2026,Spina. Napoli 1996 - 2016,,2026-06-17,Chiostro San Domenico,Spina. Napoli 1996 - 2016; Con Mario Spada e Tiziana Faraoni (photo editor de L'Espresso);,,Spina. Napoli 1996 - 2016,Mezzogiorno,4,not_started,Programma ufficiale mercoledi-17-giugno-2026; orario 19:30; fonte https://www.tramefestival.it/mercoled%C3%AC-17-giugno-2026
trame15_20260618_chi-ha-ucciso-giovanni-losardo-a-100-anni-dalla-sua-nascita,2026,Chi ha ucciso Giovanni Losardo? A 100 anni dalla sua nascita,,2026-06-18,Piazzetta San Domenico,"Chi ha ucciso Giovanni Losardo? A 100 anni dalla sua nascita; con Giulia Zanfino , M ichelangelo Di Stefano (Consulente XVIII Commissione Parlamentare Antimafia), Saverio Di Giorno e Filippo Veltri (giornalista); A seguire ; Trame Visioni; Chi ha ucciso Giovanni Losardo?; Docufilm di Giulia Zanfino per la produzione di Uglyfilms; ;;",,Chi ha ucciso Giovanni Losardo? A 100 anni dalla sua nascita,Italia,2,not_started,Programma ufficiale giovedi-18-giugno-2026; orario 22:30; fonte https://www.tramefestival.it/gioved%C3%AC-18-giugno-2026
trame15_20260618_i-cecchini-del-weekend,2026,I cecchini del weekend,,2026-06-18,Palazzo Nicotera,I cecchini del weekend; con Ezio Gavazzeni e Tommaso Panza (giornalista);,,I cecchini del weekend,Lamezia,5,not_started,Programma ufficiale giovedi-18-giugno-2026; orario 20:00; fonte https://www.tramefestival.it/gioved%C3%AC-18-giugno-2026
trame15_20260618_linfiltrato,2026,L’infiltrato,,2026-06-18,Piazzetta San Domenico,"L’infiltrato; con Pietro Comito , Salvatore Curcio (Procuratore della Repubblica di Catanzaro) e Arcangelo Badolati (Gazzetta del Sud);",,L’infiltrato,Calabria,4,not_started,Programma ufficiale giovedi-18-giugno-2026; orario 21:30; fonte https://www.tramefestival.it/gioved%C3%AC-18-giugno-2026
trame15_20260618_la-donna-che-sfido-cosa-nostra,2026,La donna che sfidò Cosa Nostra,,2026-06-18,Piazzetta San Domenico,La donna che sfidò Cosa Nostra; con Riccardo Bocca e Giovanni Tizian;,,La donna che sfidò Cosa Nostra,general,3,not_started,Programma ufficiale giovedi-18-giugno-2026; orario 20:30; fonte https://www.tramefestival.it/gioved%C3%AC-18-giugno-2026
trame15_20260618_mafia-a-milano,2026,Mafia a Milano,,2026-06-18,Chiostro San Domenico,"Mafia a Milano; con Mario Portanova , Giampiero Rossi , Franco Stefanoni , Lamberto Bertolè (Assessore Welfare, Salute e Beni Confiscati Comune di Milano) e Tommaso Ricciardelli (giornalista);",,Mafia a Milano,Italia,3,not_started,Programma ufficiale giovedi-18-giugno-2026; orario 19:30; fonte https://www.tramefestival.it/gioved%C3%AC-18-giugno-2026
trame15_20260618_mafie-e-dominio-patriarcale,2026,Mafie e dominio patriarcale,,2026-06-18,Chiostro San Domenico,Mafie e dominio patriarcale; con Celeste Costantino e Alessia Arcolaci (42 parallello);,,Mafie e dominio patriarcale,Italia,4,not_started,Programma ufficiale giovedi-18-giugno-2026; orario 18:30; fonte https://www.tramefestival.it/gioved%C3%AC-18-giugno-2026
trame15_20260618_mettiamo-il-bene-in-comune,2026,Mettiamo il Bene in Comune,,2026-06-18,Palazzo Nicotera,"Mettiamo il Bene in Comune; con Pierpaolo Romani (coordinatore nazionale Avviso Pubblico), Giuseppe Politanò (Coordinatore regionale, vicesindaco di Polistena), Giulia Migneco (Avviso Pubblico), Wanda Ferro (sottosegretaria di Stato al Ministero dell'interno), Mario Murone (sindaco di Lamezia Terme);",,Mettiamo il Bene in Comune,Lamezia,5,not_started,Programma ufficiale giovedi-18-giugno-2026; orario 17:00; fonte https://www.tramefestival.it/gioved%C3%AC-18-giugno-2026
trame15_20260618_quando-il-potere-divento-regime,2026,Quando il potere diventò regime,,2026-06-18,Chiostro San Domenico,"Quando il potere diventò regime; con Pantaleone Sergi , Alessandro Gaudio (Università della Calabria) e John Dickie (University College London);",,Quando il potere diventò regime,Calabria,4,not_started,Programma ufficiale giovedi-18-giugno-2026; orario 17:30; fonte https://www.tramefestival.it/gioved%C3%AC-18-giugno-2026
trame15_20260618_storie-di-donne-e-uomini-che-resistono,2026,Storie di donne e uomini che resistono,,2026-06-18,Piazzetta San Domenico,Storie di donne e uomini che resistono;,,Storie di donne e uomini che resistono,general,3,not_started,Programma ufficiale giovedi-18-giugno-2026; orario 20:00; fonte https://www.tramefestival.it/gioved%C3%AC-18-giugno-2026
trame15_20260618_trame-off,2026,Trame OFF,,2026-06-18,Cafè Retrò - Trame in Città,Trame OFF; Non c'è turismo senza di NOI; LIBERA; di e con Cecilia Lavatore & La Noce;,,Trame OFF,general,3,not_started,Programma ufficiale giovedi-18-giugno-2026; orario 22:30; fonte https://www.tramefestival.it/gioved%C3%AC-18-giugno-2026
trame15_20260618_trame-xl,2026,TRAME XL,,2026-06-18,Palazzo Nicotera,"TRAME XL; Storia della banda neonazi Ludwig; con Alessandra Coppola , Giovanni Bianconi (Corriere della Sera) e John Dickie (University College London);",,TRAME XL,Lamezia,5,not_started,Programma ufficiale giovedi-18-giugno-2026; orario 19:00; fonte https://www.tramefestival.it/gioved%C3%AC-18-giugno-2026
trame15_20260618_turismo-e-capitale,2026,Turismo e Capitale,,2026-06-18,Pan&Quotidiano - Trame in Città,"Turismo e Capitale; Con Franco Capalbo , Paolo Caputo (Università della Calabria), Giuseppe Valentino (Filcams CGIL Calabria), Domenico Lico (Kalabria Eco ETS), Celeste Logiacco (Cgil), Stefano Chiaraluce (Filcams Cgil Nazionale) e Jonathan Silvestro (Scomodo);",,Turismo e Capitale,Calabria,4,not_started,Programma ufficiale giovedi-18-giugno-2026; orario 19:00; fonte https://www.tramefestival.it/gioved%C3%AC-18-giugno-2026
trame15_20260618_verso-un-manifesto-con-san-luca-dentro-il-territorio-oltre-gli-stereotipi,2026,"Verso un manifesto con San Luca. Dentro il territorio, oltre gli stereotipi",,2026-06-18,Palazzo Nicotera,"Verso un manifesto con San Luca. Dentro il territorio, oltre gli stereotipi; con Francesco Donnici (giornalista e ricercatore), Anna Sergi (Università di Bologna), R osario Rocca (insegnante, scrittore, ex sindaco), Carmen Bagalà (Caritas Locri); ;;",,"Verso un manifesto con San Luca. Dentro il territorio, oltre gli stereotipi",Lamezia,5,not_started,Programma ufficiale giovedi-18-giugno-2026; orario 18:00; fonte https://www.tramefestival.it/gioved%C3%AC-18-giugno-2026
trame15_20260619_u-maxi,2026,‘U Maxi,,2026-06-19,Piazzetta San Domenico,‘U Maxi; con Pietro Grasso e John Dickie (University College London);,,‘U Maxi,general,3,not_started,Programma ufficiale venerdi-19-giugno-2026; orario 19:00; fonte https://www.tramefestival.it/venerd%C3%AC-19-giugno-2026
trame15_20260619_crisi-guerre-giustizia-le-mafie-nellitalia-2026,2026,"Crisi, guerre, giustizia. Le mafie nell’Italia 2026",,2026-06-19,Piazzetta San Domenico,"Crisi, guerre, giustizia. Le mafie nell’Italia 2026; con Giovanni Melillo (Procuratore nazionale antimafia e antiterrorismo) e Nuccio Iovene; ;;",,"Crisi, guerre, giustizia. Le mafie nell’Italia 2026",Italia,4,not_started,Programma ufficiale venerdi-19-giugno-2026; orario 20:15; fonte https://www.tramefestival.it/venerd%C3%AC-19-giugno-2026
trame15_20260619_disarmare-il-presente,2026,Disarmare il presente,,2026-06-19,Chiostro San Domenico,"Disarmare il presente; con Martina Pignatti Morano (Fondazione Finanza Etica), Tana De Zulueta (già corrispondente dall’italia per The Economist e esponente di Archivio Disarmo);",,Disarmare il presente,Italia,3,not_started,Programma ufficiale venerdi-19-giugno-2026; orario 17:30; fonte https://www.tramefestival.it/venerd%C3%AC-19-giugno-2026
trame15_20260619_firenze-1993,2026,Firenze 1993,,2026-06-19,Pan&Quotidiano - Trame in Città,Firenze 1993; con Annamaria Frustaci e Caterina Caparello (giornalista);,,Firenze 1993,general,3,not_started,Programma ufficiale venerdi-19-giugno-2026; orario 19:00; fonte https://www.tramefestival.it/venerd%C3%AC-19-giugno-2026
trame15_20260619_i-padroni-della-ndrangheta,2026,I padroni della 'ndrangheta,,2026-06-19,Palazzo Nicotera,I padroni della 'ndrangheta; con Claudio Cordova e Tommaso Ricciardelli (giornalista);,,I padroni della 'ndrangheta,Lamezia,5,not_started,Programma ufficiale venerdi-19-giugno-2026; orario 18:30; fonte https://www.tramefestival.it/venerd%C3%AC-19-giugno-2026
trame15_20260619_i-romanzi-criminali-italiani,2026,I romanzi criminali italiani,,2026-06-19,Chiostro San Domenico,I romanzi criminali italiani; con Antonio D’Orrico (giornalista e saggista) e Gaetano Savatteri (giornalista); ;;,,I romanzi criminali italiani,Italia,3,not_started,Programma ufficiale venerdi-19-giugno-2026; orario 18:30; fonte https://www.tramefestival.it/venerd%C3%AC-19-giugno-2026
trame15_20260619_la-ndrangheta-non-e-per-sempre,2026,La ‘Ndrangheta non è per sempre,,2026-06-19,Piazzetta San Domenico,La ‘Ndrangheta non è per sempre; con Danilo Chirico e Giuseppina Pesce (collaboratrice di giustizia - in collegamento) e Giovanni Tizian ;,,La ‘Ndrangheta non è per sempre,general,3,not_started,Programma ufficiale venerdi-19-giugno-2026; orario 21:00; fonte https://www.tramefestival.it/venerd%C3%AC-19-giugno-2026
trame15_20260619_pietro-grasso-incontra-i-volontari-di-trame,2026,Pietro Grasso incontra i Volontari di Trame,,2026-06-19,Complesso Monumentale di San Domenico,Pietro Grasso incontra i Volontari di Trame;,,Pietro Grasso incontra i Volontari di Trame,general,3,not_started,Programma ufficiale venerdi-19-giugno-2026; orario 11:00; fonte https://www.tramefestival.it/venerd%C3%AC-19-giugno-2026
trame15_20260619_rap-e-resistenza,2026,Rap e resistenza,,2026-06-19,Piazzetta San Domenico,Rap e resistenza; Un talk con Murubutu e Marcello Ravveduto (Università di Salerno); Segue live di Murubutu;,,Rap e resistenza,general,3,not_started,Programma ufficiale venerdi-19-giugno-2026; orario 23:00; fonte https://www.tramefestival.it/venerd%C3%AC-19-giugno-2026
trame15_20260619_se-dicessimo-la-verita,2026,Se dicessimo la verità,,2026-06-19,Piazzetta San Domenico,"Se dicessimo la verità; Estratto dello spettacolo teatrale Se dicessimo la verità Ultimo Capitolo di Emanuela Giordano e Giulia Minoli, con Simone Tudda e Lucia Limonta; a seguire; Talk con Vincenzo Chindamo , Deborah Cartisano , Noemi Caputo (CCO), Simone Tudda (attore), Lucia Limonta (attrice) e Giovanni Tizian;",,Se dicessimo la verità,general,2,not_started,Programma ufficiale venerdi-19-giugno-2026; orario 22:00; fonte https://www.tramefestival.it/venerd%C3%AC-19-giugno-2026
trame15_20260619_sindacato-eversione-neofascista-relazioni-criminali-e-terrore-globale,2026,Sindacato eversione neofascista relazioni criminali e terrore globale,,2026-06-19,Palazzo Nicotera,"Sindacato eversione neofascista relazioni criminali e terrore globale; con Giuliano Benincasa (Università di Bologna), Francesco Palaia , Tania Scacchetti (Segretaria generale Spi Cgil) e Tiziana Bagnato (giornalista);",,Sindacato eversione neofascista relazioni criminali e terrore globale,Lamezia,5,not_started,Programma ufficiale venerdi-19-giugno-2026; orario 17:30; fonte https://www.tramefestival.it/venerd%C3%AC-19-giugno-2026
trame15_20260619_sistemi-digitali-interconnessi-come-nuovo-presidio-di-legalita,2026,Sistemi digitali interconnessi come nuovo presidio di legalità,,2026-06-19,"Palazzo Nicotera - Sala ""Giuseppe Perri""",Sistemi digitali interconnessi come nuovo presidio di legalità; Intervista a Pierdanilo Melandro (PagoPA S.p.a.) a cura di Maria Francesca Gentile;,,Sistemi digitali interconnessi come nuovo presidio di legalità,Lamezia,5,not_started,Programma ufficiale venerdi-19-giugno-2026; orario 17:00; fonte https://www.tramefestival.it/venerd%C3%AC-19-giugno-2026
trame15_20260619_storie-di-donne-e-uomini-che-resistono,2026,Storie di donne e uomini che resistono,,2026-06-19,Piazzetta San Domenico,Storie di donne e uomini che resistono;,,Storie di donne e uomini che resistono,general,3,not_started,Programma ufficiale venerdi-19-giugno-2026; orario 20:00; fonte https://www.tramefestival.it/venerd%C3%AC-19-giugno-2026
trame15_20260620_giovani-volontariato-e-innovazione-sociale-al-sud,2026,"“Giovani, volontariato e innovazione sociale al Sud”",,2026-06-20,Palazzo Nicotera,"“Giovani, volontariato e innovazione sociale al Sud”; Incontro pubblico con Antonio Scaramuzzino (Arci Lamezia Vibo APS), Daniela Ielasi (Entropia APS), Nuccio Iovene (Fondazione Trame) e i formatori dei laboratori creativi Marco Serravalle, Michele Trotta, Belen Torchiaro, Jole Marchio, Francesco Carchidi e Giuseppe Pascale; ;;",,"“Giovani, volontariato e innovazione sociale al Sud”",Lamezia,5,not_started,Programma ufficiale sabato-20-giugno-2026; orario 15:30; fonte https://www.tramefestival.it/sabato-20-giugno-2026
trame15_20260620_argentina-un-romanzo-criminale-e-politico,2026,"Argentina, un romanzo criminale e politico",,2026-06-20,Piazzetta San Domenico,"Argentina, un romanzo criminale e politico; con Claudio Fava e Francesca Nava (PresaDiretta);",,"Argentina, un romanzo criminale e politico",general,3,not_started,Programma ufficiale sabato-20-giugno-2026; orario 19:00; fonte https://www.tramefestival.it/sabato-20-giugno-2026
trame15_20260620_decostruzione-del-termine-terrone-e-ritorno-alle-terre-del-sud,2026,Decostruzione del termine terrone e ritorno alle terre del Sud,,2026-06-20,Chiostro San Domenico,"Decostruzione del termine terrone e ritorno alle terre del Sud; con Vito Teti e Goffredo Buccini (Corriere della Sera); A partire dalla nuova edizione del libro di Vito Teti La razza maledetta. Antimeridionalismo, separatismo, razzismo , Meltemi; ;;",,Decostruzione del termine terrone e ritorno alle terre del Sud,Mezzogiorno,4,not_started,Programma ufficiale sabato-20-giugno-2026; orario 18:45; fonte https://www.tramefestival.it/sabato-20-giugno-2026
trame15_20260620_diario-di-cittadinanza,2026,Diario di cittadinanza,,2026-06-20,Chiostro San Domenico,"Diario di cittadinanza; con Luca Bianch i (Direttore Svimez), Stefano Di Traglia e Patty Torchia ;",,Diario di cittadinanza,Italia,2,not_started,Programma ufficiale sabato-20-giugno-2026; orario 20:00; fonte https://www.tramefestival.it/sabato-20-giugno-2026
trame15_20260620_il-futuro-che-ci-avevano-promesso,2026,Il futuro che ci avevano promesso,,2026-06-20,Chiostro San Domenico,Il futuro che ci avevano promesso; con Alice Valeria Oliveri e Maria Francesca Gentile ;,,Il futuro che ci avevano promesso,general,3,not_started,Programma ufficiale sabato-20-giugno-2026; orario 18:00; fonte https://www.tramefestival.it/sabato-20-giugno-2026
trame15_20260620_italia-nel-mirino,2026,Italia nel mirino,,2026-06-20,Piazzetta San Domenico,Italia nel mirino; con Miguel Gotor e Patty Torchia (Otto e mezzo);,,Italia nel mirino,Mezzogiorno,4,not_started,Programma ufficiale sabato-20-giugno-2026; orario 21:00; fonte https://www.tramefestival.it/sabato-20-giugno-2026
trame15_20260620_la-ndrangheta-nel-cuore-del-nord,2026,La ndrangheta nel cuore del Nord,,2026-06-20,Palazzo Nicotera,La ndrangheta nel cuore del Nord; con Andrea Carnì e Tommaso Ricciardelli (giornalista);,,La ndrangheta nel cuore del Nord,Lamezia,5,not_started,Programma ufficiale sabato-20-giugno-2026; orario 17:00; fonte https://www.tramefestival.it/sabato-20-giugno-2026
trame15_20260620_la-nuova-tangentopoli,2026,La nuova Tangentopoli,,2026-06-20,Pan&Quotidiano - Trame in Città,"La nuova Tangentopoli; con Vincenzo Bisbiglia , Marco Grasso e Antonio Ricchio (Gazzetta del sud);",,La nuova Tangentopoli,Mezzogiorno,4,not_started,Programma ufficiale sabato-20-giugno-2026; orario 19:30; fonte https://www.tramefestival.it/sabato-20-giugno-2026
trame15_20260620_liberi-sempre,2026,Liberi sempre,,2026-06-20,Piazzetta San Domenico,"Liberi sempre; con Michela Ponzani, Marco Caparrelli, Valerio De Filippis, Marcello Lardo, Nicolò Pagani, Andrea Borrelli; In occasione dell’80° anniversario della nascita della Repubblica Italiana; ;;",,Liberi sempre,Italia,3,not_started,Programma ufficiale sabato-20-giugno-2026; orario 22:00; fonte https://www.tramefestival.it/sabato-20-giugno-2026
trame15_20260620_madri-costituenti-e-donne-afghane,2026,Madri costituenti e donne afghane,,2026-06-20,Palazzo Nicotera,Madri costituenti e donne afghane; con Angela Iantosca e Anna Spena (Vita);,,Madri costituenti e donne afghane,Lamezia,5,not_started,Programma ufficiale sabato-20-giugno-2026; orario 19:00; fonte https://www.tramefestival.it/sabato-20-giugno-2026
trame15_20260620_meeting-regionale-volontar-progetto-social-hubs,2026,Meeting regionale volontarə progetto Social hubs,,2026-06-20,Palazzo Nicotera,Meeting regionale volontarə progetto Social hubs;,,Meeting regionale volontarə progetto Social hubs,Lamezia,5,not_started,Programma ufficiale sabato-20-giugno-2026; orario 11:00; fonte https://www.tramefestival.it/sabato-20-giugno-2026
trame15_20260620_sogni-e-resistenza-nelle-periferie-di-napoli,2026,Sogni e resistenza nelle periferie di Napoli,,2026-06-20,Pan&Quotidiano - Trame in Città,Sogni e resistenza nelle periferie di Napoli; con Assunta Sautto e Tommaso Ricciardelli (giornalista);,,Sogni e resistenza nelle periferie di Napoli,Mezzogiorno,4,not_started,Programma ufficiale sabato-20-giugno-2026; orario 18:30; fonte https://www.tramefestival.it/sabato-20-giugno-2026
trame15_20260620_storie-di-donne-e-uomini-che-resistono,2026,Storie di donne e uomini che resistono,,2026-06-20,Piazzetta San Domenico,Storie di donne e uomini che resistono;,,Storie di donne e uomini che resistono,general,3,not_started,Programma ufficiale sabato-20-giugno-2026; orario 20:45; fonte https://www.tramefestival.it/sabato-20-giugno-2026
trame15_20260620_trame-xl,2026,Trame XL,,2026-06-20,Chiostro San Domenico,Trame XL; Il secolo delle nuove autocrazie; con Goffredo Buccini e Raffaella Calandra (giornalista);,,Trame XL,general,3,not_started,Programma ufficiale sabato-20-giugno-2026; orario 19:30; fonte https://www.tramefestival.it/sabato-20-giugno-2026
trame15_20260620_trame-xl,2026,TRAME XL,,2026-06-20,Palazzo Nicotera,"TRAME XL; Dialogo intorno al carcere ; con Lucia Castellano , Rocco Scicchitano (UEPE Catanzaro) Emanuela Marmo (MicroMega) e Raffaella Calandra ;",,TRAME XL,Lamezia,5,not_started,Programma ufficiale sabato-20-giugno-2026; orario 20:00; fonte https://www.tramefestival.it/sabato-20-giugno-2026
trame15_20260621_chi-ostacola-la-giustizia,2026,Chi ostacola la giustizia,,2026-06-21,Piazzetta San Domenico,Chi ostacola la giustizia; con Nicola Gratteri e Stefano Iannaccone (Domani);,,Chi ostacola la giustizia,general,3,not_started,Programma ufficiale domenica-21-giugno-2026; orario 21:30; fonte https://www.tramefestival.it/domenica-21-giugno-2026
trame15_20260621_disagio-carcere-e-dissenso,2026,"Disagio, carcere e dissenso",,2026-06-21,Palazzo Nicotera,"Disagio, carcere e dissenso; con Antonella Inverno e Tommaso Panza (giornalista);",,"Disagio, carcere e dissenso",Lamezia,5,not_started,Programma ufficiale domenica-21-giugno-2026; orario 18:30; fonte https://www.tramefestival.it/domenica-21-giugno-2026
trame15_20260621_giornalismo-contro-le-mafie,2026,Giornalismo contro le mafie,,2026-06-21,Piazzetta San Domenico,Giornalismo contro le mafie; In memoria di Michele Albanese; alla presenza dei familiari; ;;,,Giornalismo contro le mafie,transnational,4,not_started,Programma ufficiale domenica-21-giugno-2026; orario 20:30; fonte https://www.tramefestival.it/domenica-21-giugno-2026
trame15_20260621_giulio-regeni-tutto-il-male-del-mondo,2026,Giulio Regeni - Tutto il male del mondo,,2026-06-21,Piazzetta San Domenico,"Giulio Regeni - Tutto il male del mondo; Regia di Simone Manetti; Scrittura di Emanuele Cava e Matteo Billi; Una produzione di Ganesh Produzioni e Fandango,",,Giulio Regeni - Tutto il male del mondo,Italia,4,not_started,Programma ufficiale domenica-21-giugno-2026; orario 23:00; fonte https://www.tramefestival.it/domenica-21-giugno-2026
trame15_20260621_giustizia-negata,2026,Giustizia negata,,2026-06-21,Palazzo Nicotera,Giustizia negata; con Doris Lo Moro e Arcangelo Badolati (Gazzetta del sud);,,Giustizia negata,Lamezia,5,not_started,Programma ufficiale domenica-21-giugno-2026; orario 20:00; fonte https://www.tramefestival.it/domenica-21-giugno-2026
trame15_20260621_i-misteri-delle-stragi-mafie-senza-confini-beni-senza-padroni,2026,"I misteri delle stragi. Mafie senza confini, beni senza padroni",,2026-06-21,Palazzo Nicotera,"I misteri delle stragi. Mafie senza confini, beni senza padroni; con Franco La Torre (attivista antimafia e project manager europeo), Attilio Bolzoni (Domani) e Nuccio Iovene; ;;",,"I misteri delle stragi. Mafie senza confini, beni senza padroni",Lamezia,5,not_started,Programma ufficiale domenica-21-giugno-2026; orario 21:00; fonte https://www.tramefestival.it/domenica-21-giugno-2026
trame15_20260621_i-segreti-della-ndrangheta,2026,I segreti della ‘ndrangheta,,2026-06-21,Palazzo Nicotera,I segreti della ‘ndrangheta; con Antonio Anastasi e Vincenzo Spagnolo (Avvenire);,,I segreti della ‘ndrangheta,Lamezia,5,not_started,Programma ufficiale domenica-21-giugno-2026; orario 19:00; fonte https://www.tramefestival.it/domenica-21-giugno-2026
trame15_20260621_la-guerra-e-merda,2026,La guerra è merda,,2026-06-21,Piazzetta San Domenico,La guerra è merda; con Jacques Charmelot e John Dickie (University College London);,,La guerra è merda,general,3,not_started,Programma ufficiale domenica-21-giugno-2026; orario 19:30; fonte https://www.tramefestival.it/domenica-21-giugno-2026
trame15_20260621_lo-sciacallo,2026,Lo sciacallo,,2026-06-21,Palazzo Nicotera,Lo sciacallo; con Valentina Lomellini e Attilio Bolzoni (Domani);,,Lo sciacallo,Lamezia,5,not_started,Programma ufficiale domenica-21-giugno-2026; orario 18:00; fonte https://www.tramefestival.it/domenica-21-giugno-2026
trame15_20260621_neofascismo-attentato-alla-democrazia,2026,"Neofascismo, attentato alla democrazia",,2026-06-21,Chiostro San Domenico,"Neofascismo, attentato alla democrazia; con Mario Di Vito e Enrica Riera (Domani);",,"Neofascismo, attentato alla democrazia",general,3,not_started,Programma ufficiale domenica-21-giugno-2026; orario 18:30; fonte https://www.tramefestival.it/domenica-21-giugno-2026
trame15_20260621_propaganda-lamezia-atto-iii,2026,Propaganda Lamezia ATTO III,,2026-06-21,Piazzetta San Domenico,Propaganda Lamezia ATTO III; con Diego Bianchi (Propaganda Live) e Giovanni Tizian; ;;,,Propaganda Lamezia ATTO III,Lamezia,5,not_started,Programma ufficiale domenica-21-giugno-2026; orario 22:30; fonte https://www.tramefestival.it/domenica-21-giugno-2026
trame15_20260621_storie-di-donne-e-uomini-che-resistono,2026,Storie di Donne e uomini che resistono,,2026-06-21,Piazzetta San Domenico,Storie di Donne e uomini che resistono;,,Storie di Donne e uomini che resistono,general,3,not_started,Programma ufficiale domenica-21-giugno-2026; orario 21:00; fonte https://www.tramefestival.it/domenica-21-giugno-2026
trame15_20260621_storie-luoghi-anthropologie,2026,Storie Luoghi Anthropologie,,2026-06-21,Pan&Quotidiano - Trame in Città,"Storie Luoghi Anthropologie; con Mauro Minervino , Antonio D’Orrico (giornalista e saggista) e Vinicio Leonetti (giornalista);",,Storie Luoghi Anthropologie,general,3,not_started,Programma ufficiale domenica-21-giugno-2026; orario 19:00; fonte https://www.tramefestival.it/domenica-21-giugno-2026
